経過時間_秒, Green, SinWave
0.017, 2.40, 7.86
0.086, 1.63, 9.33
0.121, 0.81, 8.75
0.135, 0.58, 8.26
0.183, 1.08, 5.80
0.211, 2.16, 4.11
0.243, 3.68, 2.31
0.280, 5.32, 1.17
0.309, 6.75, 0.72
0.351, 7.80, 0.34
0.375, 8.29, 0.28
0.411, 8.31, 0.40
0.444, 8.24, 0.73
0.479, 8.33, 1.29
0.510, 7.66, 1.95
0.545, 6.45, 2.84
0.578, 5.00, 0.80
0.611, 3.36, 1.96
0.645, 2.40, 3.62
0.677, 2.05, 5.38
0.713, 1.73, 7.24
0.746, 1.20, 8.33
0.783, 0.64, 8.94
0.810, 0.59, 9.22
0.850, 1.14, 9.33
0.876, 2.30, 9.22
0.911, 3.74, 8.84
0.948, 5.21, 8.18
0.979, 6.44, 7.46
1.009, 7.31, 6.63
1.042, 7.94, 5.64
1.077, 8.35, 4.53
1.112, 8.70, 3.45
1.144, 8.45, 2.52
1.178, 7.58, 1.67
1.213, 6.73, 8.18
1.243, 5.68, 8.23
1.282, 4.48, 6.70
1.314, 3.15, 4.97
1.346, 2.14, 3.19
1.379, 1.15, 1.72
1.412, 0.46, 1.14
1.448, 0.37, 0.74
1.477, 0.98, 0.60
1.509, 2.04, 0.65
1.544, 3.37, 0.93
1.581, 4.61, 1.48
1.615, 5.55, 2.18
1.650, 5.90, 3.06
1.688, 5.86, 4.11
1.716, 5.82, 4.92
1.748, 5.14, 6.87
1.781, 4.13, 8.31
1.815, 3.05, 8.72
1.846, 2.38, 8.34
1.882, 2.09, 7.09
1.916, 1.78, 5.35
1.948, 1.72, 3.55
1.982, 1.02, 1.86
2.012, 0.44, 1.10
2.047, 0.29, 0.59
2.084, 0.68, 0.38
2.111, 1.42, 0.44
2.147, 2.49, 0.80
2.180, 3.58, 1.39
2.214, 4.45, 2.22
2.245, 4.99, 3.12
2.292, 5.45, 4.62
2.324, 5.64, 5.65
2.344, 6.01, 6.27
2.381, 5.69, 7.28
2.414, 5.26, 8.28
2.445, 3.66, -0.51
2.482, 2.99, 0.47
2.510, 2.64, 0.29
2.551, 2.29, 0.46
2.587, 1.56, 1.03
2.616, 0.74, 1.70
2.644, 0.49, 2.48
2.679, 0.82, 3.53
2.714, 1.61, 4.53
2.749, 2.71, 5.39
2.783, 3.93, 5.95
2.818, 5.01, 5.95
2.846, 5.82, 5.51
2.885, 6.34, 4.38
2.914, 6.57, 3.31
2.951, 6.70, 1.93
2.986, 6.77, 0.94
3.014, 7.08, 0.50
3.045, 6.76, 0.29
3.081, 5.12, 0.41
3.126, 3.25, 1.16
3.153, 2.47, 1.81
3.179, 2.10, 2.53
3.214, 1.53, 3.56
3.250, 0.75, 4.57
3.283, 0.46, 5.37
3.337, 0.73, 6.02
3.351, 1.49, 5.95
3.379, 2.56, 5.50
3.427, 3.71, 4.01
3.450, 4.74, 3.13
3.486, 5.53, 1.78
3.515, 6.06, 0.96
3.549, 6.30, 0.46
3.593, 6.78, 0.29
3.618, 7.35, 0.46
3.658, 7.96, 1.10
3.691, 8.86, 1.89
3.720, 7.97, 2.71
3.750, 6.79, 3.59
3.779, 5.50, 6.82
3.815, 4.25, 7.57
3.859, 3.52, 4.89
3.882, 3.17, 3.37
3.926, 2.91, 1.42
3.952, 3.62, 1.01
3.985, 5.50, 0.64
4.021, 6.95, 0.45
4.051, 7.94, 0.47
4.082, 8.84, 0.67
4.119, 9.30, 1.11
4.149, 9.30, 1.63
4.187, 9.63, 2.44
4.219, 9.84, 3.24
4.253, 9.72, 4.16
4.285, 9.24, 5.05
4.322, 8.35, 9.99
4.355, 7.05, 9.46
4.386, 5.66, 9.82
4.419, 4.14, 8.79
4.461, 2.79, 6.13
4.487, 1.03, 4.44
4.519, 0.79, 3.61
4.554, 1.75, 3.22
4.583, 3.67, 3.01
4.619, 5.74, 2.91
4.660, 6.45, 3.02
4.686, 7.07, 3.21
4.726, 8.06, 3.66
4.752, 9.00, 4.05
4.806, 9.38, 5.04
4.834, 9.68, 5.63
4.855, 9.84, 6.08
4.894, 9.87, 6.94
4.920, 9.70, 7.49
4.960, 9.42, 8.28
4.993, 9.01, 7.80
5.019, 8.54, 0.80
5.052, 7.97, 0.83
5.084, 7.31, 1.16
5.118, 6.74, 1.80
5.159, 6.07, 2.91
5.186, 5.42, 3.79
5.219, 5.42, 4.95
5.251, 5.93, 6.10
5.294, 5.83, 7.56
5.340, 6.74, 9.25
5.356, 7.73, 9.79
5.394, 8.48, 9.02
5.418, 9.01, 7.24
5.461, 9.12, 3.21
5.500, 9.51, 1.54
5.526, 9.52, 1.10
5.556, 9.68, 0.82
5.594, 9.82, 0.83
5.625, 9.90, 1.15
5.660, 9.78, 1.80
5.693, 9.58, 2.67
5.728, 9.18, 4.33
5.761, 8.70, 6.21
5.795, 8.13, 5.80
5.821, 7.55, 5.61
5.859, 7.16, 5.44
5.892, 7.05, 5.41
5.921, 6.97, 5.48
5.961, 6.44, 5.70
5.984, 6.61, 5.89
6.027, 7.66, 6.36
6.061, 8.48, 6.81
6.092, 8.87, 7.26
6.119, 9.20, 7.66
6.162, 9.39, 8.30
6.194, 9.47, 8.75
6.219, 9.72, 9.07
6.260, 9.75, 9.74
6.294, 9.55, 9.96
6.323, 9.11, 9.64
6.361, 8.55, 9.12
6.386, 7.83, 9.77
6.427, 7.12, 9.89
6.453, 6.40, 9.68
6.495, 5.71, 8.96
6.526, 5.33, 8.24
6.559, 5.07, 7.47
6.593, 5.44, 6.89
6.626, 6.15, 6.68
6.660, 7.31, 6.52
6.687, 8.23, 6.45
6.728, 8.62, 6.44
6.762, 9.02, 6.51
6.794, 9.51, 6.65
6.826, 9.78, 6.84
6.855, 9.92, 7.06
6.887, 9.94, 7.35
6.927, 9.69, 7.75
6.956, 9.06, 8.06
6.999, 8.11, 9.13
7.030, 6.96, 9.03
7.061, 5.87, 8.12
7.097, 4.70, 6.94
7.126, 3.44, 6.08
7.161, 2.23, 5.49
7.194, 1.55, 5.19
7.227, 2.86, 5.06
7.262, 5.06, 5.09
7.294, 6.51, 5.29
7.330, 7.22, 5.67
7.359, 8.28, 6.09
7.394, 9.13, 6.69
7.428, 9.72, 7.34
7.460, 9.78, 7.96
7.502, 9.75, 8.72
7.527, 9.59, 9.12
7.561, 9.35, 10.37
7.594, 9.17, 9.92
7.630, 8.75, 9.31
7.659, 8.23, 7.98
7.698, 7.57, 5.53
7.721, 6.69, 4.06
7.762, 5.82, 2.43
7.795, 4.28, 1.92
7.830, 2.10, 1.61
7.861, 0.77, 1.55
7.894, 1.01, 1.71
7.932, 2.40, 2.17
7.968, 4.25, 2.85
7.994, 6.43, 3.46
8.029, 7.86, 4.41
8.061, 9.01, 5.34
8.094, 9.73, 6.33
8.126, 9.73, 7.26
8.161, 9.47, 8.18
8.197, 8.96, 9.25
8.238, 8.39, -0.62
8.262, 7.75, 1.53
8.297, 6.91, 0.95
8.330, 5.88, 0.76
8.362, 4.41, 0.93
8.394, 2.78, 1.42
8.427, 2.15, 2.24
8.460, 1.14, 3.30
8.496, 0.51, 4.64
8.528, 0.40, 5.89
8.561, 0.91, 7.13
8.598, 1.83, 8.34
8.630, 2.87, 9.53
8.666, 3.84, 9.76
8.696, 4.47, 8.85
8.733, 4.74, 6.67
8.764, 4.81, 4.45
8.795, 4.48, 2.43
8.831, 4.12, 1.39
8.862, 3.20, 9.71
8.898, 2.24, 8.97
8.933, 2.18, 8.62
8.964, 2.19, 7.86
8.997, 2.30, 6.70
9.031, 2.02, 5.26
9.062, 1.71, 3.88
9.097, 1.33, 2.42
9.129, 0.65, 1.41
9.163, 0.33, 0.76
9.200, 0.45, 0.41
9.233, 1.08, 0.44
9.263, 2.01, 0.75
9.296, 3.02, 1.37
9.333, 3.93, 2.36
9.364, 4.62, 3.37
9.399, 5.19, 4.60
9.435, 5.38, 5.88
9.463, 5.50, 6.80
9.496, 5.70, 7.74
9.531, 5.36, 8.62
9.564, 4.63, 8.97
9.601, 3.04, -2.72
9.630, 2.44, 2.60
9.665, 1.92, 1.65
9.696, 1.81, 0.99
9.730, 1.71, 0.53
9.763, 1.39, 0.34
9.795, 0.74, 0.39
9.835, 0.42, 0.80
9.862, 0.52, 1.25
9.899, 0.92, 2.05
9.929, 1.67, 2.80
9.968, 2.48, 3.78
10.001, 3.21, 4.53
10.031, 3.73, 5.11
10.065, 3.97, 5.58
10.102, 4.10, 5.69
10.132, 4.03, 5.48
10.165, 4.18, 4.95
10.200, 4.26, 4.13
10.231, 3.76, 3.26
10.269, 3.16, 2.18
10.305, 2.76, 3.33
10.333, 2.52, 4.58
10.369, 2.21, 4.26
10.399, 1.52, 3.80
10.433, 0.70, 3.14
10.466, 0.39, 2.42
10.503, 0.60, 1.64
10.533, 1.34, 1.09
10.566, 2.40, 0.76
10.596, 3.49, 0.55
10.634, 4.46, 0.43
10.664, 5.47, 0.44
10.702, 5.82, 0.59
10.736, 5.49, 0.86
10.765, 4.93, 1.15
10.805, 4.06, 1.43
10.836, 2.68, 3.96
10.864, 2.87, 4.41
10.902, 3.16, 4.98
10.937, 2.53, 5.64
10.966, 1.60, 5.84
10.997, 1.24, 5.60
11.032, 1.09, 4.82
11.065, 0.63, 3.75
11.103, 0.48, 2.38
11.137, 0.91, 1.30
11.168, 1.78, 0.86
11.200, 2.96, 0.58
11.244, 4.24, 0.39
11.267, 5.49, 0.38
11.301, 6.68, 0.48
11.336, 7.65, 0.74
11.370, 9.12, 1.10
11.400, 9.41, 1.52
11.435, 9.55, 2.08
11.467, 9.70, 2.64
11.512, 9.52, 3.46
11.537, 9.15, 3.91
11.568, 8.48, 3.04
11.603, 7.69, 3.11
11.640, 6.79, 4.64
11.671, 5.81, 5.98
11.704, 4.83, 7.32
11.737, 3.35, 8.51
11.770, 1.45, 9.72
11.812, 1.00, 8.65
11.847, 2.17, 5.99
11.872, 4.06, 3.77
11.901, 6.28, 1.71
11.945, 7.34, 0.72
11.979, 8.20, 0.44
12.004, 8.86, 0.53
12.043, 9.24, 1.16
12.070, 9.63, 1.90
12.108, 9.79, 3.27
12.140, 9.76, 4.64
12.181, 9.42, 6.36
12.211, 8.90, 7.44
12.237, 8.14, 8.44
12.273, 7.27, 9.66
12.302, 6.42, 9.57
12.340, 5.55, 8.05
12.370, 4.84, 6.06
12.412, 3.94, 3.02
12.444, 2.77, 1.43
12.473, 1.98, 0.74
12.501, 2.99, 0.45
12.539, 5.10, 0.67
12.572, 6.95, 1.41
12.612, 8.02, 2.85
12.645, 9.12, 4.34
12.668, 9.59, 5.44
12.712, 9.46, 7.44
12.737, 9.00, 8.39
12.779, 8.53, 26.85
12.806, 7.88, 9.65
12.847, 7.02, 9.62
12.877, 5.91, 8.94
12.912, 4.50, 7.59
12.938, 2.98, 6.35
12.979, 2.15, 4.35
13.006, 1.29, 3.22
13.048, 0.67, 2.41
13.077, 0.81, 2.10
13.111, 1.70, 1.98
13.140, 3.11, 2.09
13.169, 4.71, 2.41
13.211, 6.31, 3.18
13.238, 7.59, 3.83
13.270, 8.56, 4.72
13.305, 9.40, 5.78
13.337, 9.92, 6.75
13.379, 9.86, 7.94
13.411, 9.60, 8.74
13.447, 9.28, 5.72
13.480, 8.59, 4.26
13.512, 7.57, 2.65
13.537, 6.15, 1.69
13.578, 4.28, 0.82
13.611, 2.87, 0.69
13.638, 1.97, 0.97
13.671, 0.91, 1.76
13.711, 0.50, 3.25
13.745, 0.84, 4.80
13.779, 1.90, 6.41
13.813, 3.50, 7.88
13.846, 5.29, 9.08
13.879, 6.98, 9.81
13.913, 8.35, 9.84
13.944, 9.21, 9.21
13.971, 9.70, 8.22
14.012, 9.87, 6.18
14.048, 9.76, 4.20
14.080, 9.45, 2.60
14.114, 8.97, 10.82
14.138, 8.33, 9.07
14.177, 7.54, 7.53
14.204, 6.53, 6.16
14.246, 5.27, 3.89
14.279, 3.82, 2.30
14.306, 2.31, 1.47
14.345, 0.97, 0.78
14.379, 0.72, 0.51
14.412, 1.33, 0.58
14.445, 2.69, 0.95
14.479, 4.42, 1.63
14.515, 6.15, 2.63
14.548, 7.49, 3.73
14.578, 8.22, 4.82
14.614, 8.29, 6.14
14.645, 8.17, 7.22
14.678, 7.97, 8.24
14.714, 7.76, 10.13
14.746, 7.10, 9.75
14.780, 6.21, 9.51
14.812, 5.10, 8.66
14.846, 3.70, 7.23
14.877, 2.62, 5.63
14.905, 1.79, 4.14
14.947, 0.82, 2.18
14.978, 0.58, 1.44
15.013, 1.23, 0.92
15.046, 2.64, 0.72
15.080, 4.63, 0.83
15.110, 6.68, 1.19
15.146, 8.33, 1.90
15.180, 9.43, 2.82
15.213, 9.83, 3.88
15.245, 9.73, 4.99
15.279, 9.27, 6.18
15.320, 8.56, 7.08
15.346, 7.70, 9.01
15.381, 6.53, 7.62
15.415, 5.27, 5.89
15.445, 3.82, 4.26
15.481, 2.33, 2.47
15.512, 2.01, 1.43
15.552, 1.18, 0.71
15.579, 0.66, 0.58
15.612, 0.75, 0.82
15.645, 1.48, 1.48
15.685, 2.75, 2.75
15.713, 4.31, 3.85
15.748, 5.93, 5.36
15.781, 7.31, 6.76
15.812, 8.25, 7.95
15.847, 8.98, 9.13
15.884, 9.49, 9.80
15.912, 9.49, 9.74
15.948, 8.97, 8.94
15.985, 8.13, 9.22
16.014, 7.05, 6.33
16.050, 5.75, 4.46
16.081, 4.55, 2.93
16.113, 3.24, 1.70
16.148, 1.94, 0.95
16.182, 1.51, 0.63
16.214, 0.73, 0.72
16.246, 0.33, 1.19
16.283, 0.49, 2.15
16.329, 1.28, 3.79
16.348, 2.53, 4.56
16.379, 4.02, 5.82
16.412, 5.38, 7.10
16.446, 6.31, 8.22
16.483, 6.67, 9.24
16.512, 6.71, 9.49
16.550, 6.59, 9.05
16.584, 6.71, 7.97
16.613, 6.24, 6.68
16.646, 5.09, 4.98
16.684, 3.72, 7.80
16.715, 2.50, 4.83
16.750, 1.87, 3.51
16.787, 1.43, 2.13
16.813, 0.96, 1.31
16.851, 0.99, 0.72
16.884, 1.71, 0.42
16.917, 2.91, 0.32
16.949, 4.30, 0.42
16.983, 5.64, 0.74
17.012, 6.78, 1.16
17.050, 7.57, 1.89
17.081, 8.00, 2.60
17.114, 8.59, 3.40
17.149, 9.69, 4.27
17.180, 9.47, 4.98
17.213, 8.87, 5.66
17.248, 8.06, 2.02
17.280, 6.97, 8.34
17.319, 5.69, 9.42
17.351, 4.45, 9.70
17.396, 3.20, 9.01
17.418, 2.27, 8.27
17.451, 0.84, 6.79
17.482, 0.91, 5.20
17.514, 2.08, 3.57
17.559, 4.18, 1.93
17.591, 6.09, 1.39
17.623, 7.07, 1.05
17.654, 8.06, 0.94
17.682, 8.74, 1.03
17.714, 9.21, 1.34
17.753, 9.53, 2.00
17.786, 9.56, 2.76
17.815, 9.37, 3.55
17.853, 8.87, 4.70
17.893, 8.18, 4.41
17.916, 7.24, 1.18
17.951, 6.03, 0.88
17.985, 4.71, 0.85
18.018, 3.53, 1.08
18.059, 2.75, 1.67
18.088, 2.26, 2.29
18.123, 1.78, 3.19
18.152, 2.95, 4.04
18.185, 5.08, 5.07
18.218, 6.72, 6.11
18.252, 7.82, 7.12
18.284, 8.94, 7.97
18.320, 9.63, 9.44
18.355, 9.86, 8.82
18.381, 9.67, 6.69
18.418, 9.29, 2.93
18.463, 8.84, 10.66
18.486, 8.29, 9.95
18.519, 7.68, 9.73
18.549, 6.94, 8.67
18.587, 6.02, 6.52
18.614, 5.04, 4.82
18.653, 4.08, 2.87
18.685, 3.26, 2.32
18.728, 2.40, 1.87
18.752, 1.67, 1.78
18.786, 3.20, 1.86
18.819, 4.99, 2.16
18.853, 6.75, 2.68
18.890, 8.11, 3.46
18.922, 8.84, 4.27
18.956, 9.35, 5.23
18.983, 9.33, 6.01
19.020, 9.15, 7.08
19.056, 8.57, 9.27
19.081, 7.77, 7.66
19.130, 6.76, 5.22
19.155, 5.53, 3.95
19.186, 4.21, 2.68
19.221, 2.84, 1.99
19.255, 1.75, 1.66
19.287, 1.12, 1.71
19.321, 0.61, 2.11
19.362, 1.23, 3.05
19.391, 2.62, 3.93
19.428, 4.45, 5.21
19.457, 6.43, 6.24
19.486, 7.91, 7.22
19.525, 9.02, 8.38
19.554, 9.50, 9.16
19.590, 9.48, 9.33
19.619, 9.05, 8.82
19.654, 8.20, 8.46
19.685, 7.20, 8.95
19.723, 5.81, 7.77
19.763, 4.17, 6.04
19.783, 2.80, 5.08
19.822, 2.40, 3.24
19.856, 1.44, 1.88
19.885, 0.76, 1.08
19.927, 0.91, 0.55
19.962, 1.82, 0.75
19.990, 3.35, 1.31
20.019, 5.25, 2.22
20.062, 6.98, 4.01
20.084, 8.37, 5.02
20.122, 9.39, 6.74
20.151, 9.90, 7.89
20.189, 9.85, 9.02
20.222, 9.61, 9.48
20.254, 9.12, 9.53
20.296, 8.46, 8.64
20.328, 7.63, 7.23
20.361, 6.54, 5.50
20.390, 5.44, 3.95
20.422, 4.32, 2.44
20.456, 3.48, 1.42
20.488, 3.18, 0.89
20.523, 2.86, 0.78
20.555, 2.82, 1.11
20.586, 4.39, 1.79
20.624, 6.48, 3.04
20.657, 7.89, 4.37
20.689, 8.90, 5.75
20.723, 9.63, 7.17
20.755, 9.67, 8.33
20.796, 9.22, 9.57
20.823, 8.35, 9.90
20.864, 7.21, 9.97
20.898, 5.83, 8.27
20.932, 4.22, 6.83
20.954, 2.85, 5.81
20.995, 1.90, 4.09
21.028, 0.95, 3.35
21.055, 0.40, 3.00
21.096, 0.53, 2.81
21.130, 1.30, 2.96
21.162, 2.54, 3.36
21.191, 3.80, 3.90
21.229, 4.82, 4.83
21.256, 5.28, 5.58
21.296, 5.27, 6.75
21.322, 4.89, 7.49
21.358, 4.22, 8.40
21.388, 3.72, 9.18
21.429, 2.90, 9.69
21.467, 2.37, 9.25
21.494, 2.54, 8.46
21.524, 2.19, 7.24
21.563, 1.61, 5.45
21.596, 0.80, 4.09
21.631, 0.69, 3.32
21.664, 1.09, 2.93
21.690, 1.99, 2.81
21.723, 2.99, 2.90
21.762, 3.92, 3.34
21.800, 4.66, 4.08
21.830, 5.15, 4.83
21.857, 5.38, 5.58
21.895, 5.46, 6.69
21.931, 5.19, 7.70
21.963, 5.23, 8.49
21.999, 5.32, 8.47
22.029, 4.62, 5.25
22.063, 3.71, 5.46
22.096, 2.58, 5.38
22.131, 1.77, 5.01
22.164, 1.36, 4.42
22.200, 0.69, 3.60
22.230, 0.48, 2.86
22.262, 1.02, 2.09
22.298, 1.90, 1.36
22.332, 2.97, 0.90
22.365, 3.78, 0.69
22.395, 3.99, 0.74
22.423, 3.87, 0.99
22.463, 3.15, 1.62
22.499, 2.25, 3.40
22.524, 1.92, 3.76
22.562, 1.82, 4.28
22.597, 1.86, 4.70
22.631, 1.96, 5.47
22.668, 1.99, 4.03
22.695, 1.45, 2.12
22.729, 0.66, 1.17
22.761, 0.40, 0.93
22.803, 0.69, 0.73
22.834, 1.55, 0.69
22.866, 2.80, 0.73
22.896, 4.10, 0.86
22.931, 5.20, 1.11
22.965, 5.97, 1.44
22.998, 6.38, 1.83
23.029, 6.57, 2.24
23.065, 6.70, 2.76
23.099, 7.19, 3.26
23.130, 7.28, 3.72
23.164, 6.18, 4.19
23.197, 4.51, 4.59
23.231, 3.28, -5.15
23.264, 2.12, 0.67
23.301, 1.20, 1.52
23.332, 0.59, 2.57
23.364, 0.68, 3.83
23.401, 1.58, 5.28
23.430, 3.18, 6.24
23.466, 5.11, 7.12
23.496, 7.08, 7.29
23.531, 8.52, 6.79
23.565, 9.17, 5.68
23.600, 9.59, 4.15
23.631, 9.50, 2.73
23.665, 9.06, 1.40
23.697, 8.14, 0.68
23.732, 7.01, 0.40
23.766, 5.68, 0.67
23.798, 4.21, 1.37
23.833, 2.84, 2.53
23.868, 1.59, 3.91
23.904, 0.76, 5.31
23.933, 0.47, 6.27
23.967, 0.75, 7.11
23.999, 1.75, 7.29
24.032, 3.19, 6.81
24.065, 4.97, 5.76
24.099, 6.75, 4.29
24.137, 8.05, 2.55
24.168, 8.57, 1.37
24.200, 9.12, 0.67
24.231, 9.61, 0.40
24.273, 9.72, 0.75
24.299, 9.59, 1.35
24.336, 9.11, 2.57
24.370, 8.39, 4.34
24.403, 7.49, 5.40
24.436, 6.31, 6.30
24.469, 5.15, 7.23
24.498, 4.16, 7.15
24.533, 3.57, 5.98
24.569, 3.23, 3.92
24.599, 3.09, 2.24
24.637, 3.51, 0.97
24.666, 5.39, 0.55
24.706, 7.22, 0.41
24.732, 8.37, 0.60
24.765, 9.06, 1.14
24.799, 9.50, 1.98
24.832, 9.62, 3.00
24.868, 9.38, 4.21
24.903, 8.81, 5.34
24.942, 7.85, 6.39
24.966, 6.42, 6.88
25.000, 4.73, 7.26
25.029, 2.82, 7.27
25.070, 2.17, 6.78
25.101, 1.24, 6.07
25.134, 1.01, 5.08
25.171, 1.79, 3.81
25.207, 3.43, 2.58
25.236, 5.49, 1.70
25.269, 6.67, 0.71
25.300, 7.82, 0.41
25.352, 8.83, 1.77
25.369, 9.60, 2.60
25.401, 9.79, 4.38
25.441, 9.71, 6.32
25.468, 9.30, 6.88
25.504, 8.80, 30.39
25.536, 8.08, 8.98
25.565, 7.21, 7.70
25.602, 6.20, 5.57
25.639, 4.93, 3.40
25.668, 3.49, 2.11
25.703, 2.19, 1.35
25.736, 1.09, 1.01
25.780, 0.47, 1.18
25.803, 0.55, 1.54
25.839, 1.38, 2.45
25.867, 2.63, 3.38
25.900, 4.23, 4.64
25.936, 5.58, 6.09
25.971, 6.54, 7.43
26.003, 7.25, 8.48
26.037, 7.40, 9.57
26.073, 7.73, 9.78
26.105, 8.33, 9.09
26.140, 8.49, 7.54
26.177, 8.06, 5.39
26.201, 6.76, 3.96
26.236, 5.14, -0.70
26.269, 3.26, 0.47
26.307, 2.48, 0.68
26.339, 1.61, 1.17
26.369, 0.78, 1.86
26.403, 0.54, 2.84
26.439, 1.03, 4.03
26.475, 2.02, 5.27
26.503, 3.21, 6.19
26.535, 4.51, 7.13
26.570, 5.45, 8.29
26.605, 6.04, 8.51
26.636, 6.17, 7.64
26.667, 5.96, 5.98
26.705, 5.78, 3.50
26.739, 5.87, 2.55
26.773, 5.76, 1.29
26.803, 5.67, 0.75
26.846, 4.69, 0.47
26.875, 3.24, 0.62
26.913, 3.09, 1.21
26.946, 2.46, 2.04
26.975, 1.52, 2.95
27.005, 0.75, 4.00
27.033, 0.75, 5.02
27.074, 1.39, 6.44
27.113, 2.58, 7.66
27.141, 3.96, 8.43
27.169, 5.27, 8.54
27.200, 6.28, 7.87
27.239, 6.82, 6.08
27.274, 7.30, 4.03
27.303, 7.17, 2.40
27.347, 6.90, 1.03
27.371, 6.86, -3.37
27.402, 6.66, 0.78
27.440, 5.87, 0.74
27.474, 4.43, 1.06
27.505, 2.94, 1.62
27.541, 2.07, 2.51
27.575, 1.62, 3.51
27.613, 1.22, 4.68
27.637, 0.68, 5.39
27.672, 0.72, 6.29
27.703, 1.30, 7.22
27.747, 2.49, 6.86
27.773, 3.97, 5.74
27.804, 5.66, 3.91
27.840, 7.21, 1.88
27.873, 8.77, 1.14
27.914, 9.54, 0.74
27.947, 9.73, 0.76
27.972, 9.62, 0.98
28.014, 9.18, 1.73
28.042, 8.56, 8.50
28.080, 7.84, 6.86
28.109, 7.02, 5.36
28.140, 6.10, 3.73
28.174, 4.98, 2.18
28.208, 3.84, 1.30
28.250, 2.76, 0.74
28.280, 1.68, 0.69
28.325, 0.85, 1.18
28.346, 1.64, 1.62
28.380, 3.23, 2.58
28.406, 5.19, 3.46
28.443, 7.12, 4.86
28.474, 8.38, 6.07
28.514, 9.30, 7.52
28.538, 9.62, 8.27
28.574, 9.82, 9.34
28.614, 9.85, 9.73
28.638, 9.73, 9.48
28.672, 9.48, 8.56
28.716, 9.05, 15.89
28.750, 8.37, 8.57
28.775, 7.52, 7.53
28.812, 6.37, 5.67
28.838, 5.26, 4.31
28.873, 4.30, 2.65
28.907, 3.39, 1.67
28.938, 3.08, 1.16
28.976, 3.03, 0.86
29.014, 5.52, 0.95
29.046, 6.57, 1.33
29.074, 7.43, 1.87
29.113, 8.58, 2.88
29.138, 9.35, 3.66
29.180, 9.69, 5.09
29.207, 9.63, 6.04
29.241, 9.35, 7.18
29.275, 9.07, 9.99
29.316, 8.60, 9.37
29.342, 8.05, 9.75
29.375, 7.30, 9.83
29.407, 6.35, 9.48
29.448, 5.21, 8.50
29.473, 3.92, 7.68
29.508, 3.00, 6.38
29.542, 2.08, 5.13
29.572, 1.62, 4.17
29.606, 3.39, 3.53
29.642, 5.61, 3.14
29.680, 6.55, 3.02
29.715, 7.82, 3.19
29.746, 9.08, 3.56
29.789, 9.72, 4.36
29.815, 9.82, 4.97
29.846, 9.72, 5.78
29.881, 9.61, 6.73
29.918, 9.34, 7.44
29.948, 8.99, 5.78
29.981, 8.56, 4.18
30.016, 7.89, 2.75
30.040, 7.07, 2.12
30.080, 5.98, 1.60
30.114, 4.92, 1.72
30.146, 3.88, 2.30
30.182, 2.47, 3.40
30.214, 1.01, 4.66
30.246, 1.84, 6.04
30.281, 3.55, 7.50
30.308, 5.60, 8.47
30.346, 7.24, 9.52
30.375, 8.38, 9.82
30.417, 9.24, 9.38
30.449, 9.71, 8.41
30.484, 9.71, 6.90
30.513, 9.42, 5.48
30.551, 8.90, 10.60
30.576, 8.23, 9.47
30.615, 7.32, 8.55
30.646, 6.20, 7.43
30.680, 4.87, 5.96
30.717, 3.45, 4.27
30.748, 2.18, 2.97
30.782, 1.36, 1.89
30.815, 0.81, 1.26
30.848, 1.65, 0.99
30.884, 3.21, 1.15
30.919, 5.19, 1.73
30.951, 7.01, 2.59
30.982, 8.35, 3.64
31.016, 9.10, 4.95
31.046, 9.25, 6.15
31.087, 9.20, 7.66
31.120, 8.75, 8.69
31.148, 7.99, 9.50
31.181, 7.09, 9.21
31.217, 6.02, 8.70
31.250, 4.75, 7.77
31.286, 3.24, 6.38
31.318, 2.31, 4.98
31.350, 1.79, 3.59
31.385, 0.95, 2.25
31.417, 0.55, 1.42
31.451, 0.75, 0.92
31.486, 1.75, 0.83
31.516, 3.39, 1.12
31.549, 5.40, 1.78
31.581, 7.39, 2.72
31.620, 8.85, 4.14
31.646, 9.71, 5.16
31.681, 9.91, 6.52
31.720, 9.59, 7.83
31.752, 9.13, 8.71
31.785, 8.49, 7.13
31.819, 7.64, 7.33
31.849, 6.76, 5.74
31.885, 5.64, 3.76
31.921, 4.38, 2.06
31.948, 2.94, 1.27
31.986, 1.98, 0.64
32.015, 1.18, 0.56
32.048, 0.60, 0.89
32.083, 0.68, 1.69
32.116, 1.44, 2.81
32.155, 2.73, 4.42
32.182, 4.32, 5.61
32.219, 6.01, 7.19
32.252, 7.41, 8.40
32.283, 8.47, 9.40
32.325, 9.04, 9.91
32.354, 9.61, 9.59
32.387, 9.20, 8.61
32.419, 8.55, 7.18
32.452, 7.83, 9.13
32.489, 6.92, 7.32
32.524, 5.96, 5.59
32.551, 4.96, 4.18
32.583, 3.91, 2.64
32.617, 3.00, 1.50
32.649, 2.47, 0.90
32.689, 1.93, 0.59
32.726, 1.60, 0.77
32.751, 2.80, 1.14
32.784, 4.31, 1.90
32.822, 5.67, 3.12
32.854, 6.58, 4.25
32.885, 7.06, 5.44
32.918, 6.93, 6.68
32.955, 6.78, 7.92
32.985, 6.57, 6.72
33.020, 6.62, 8.31
33.052, 6.09, 9.17
33.084, 5.18, 9.59
33.130, 4.02, 9.20
33.157, 2.75, 8.47
33.184, 2.39, 7.44
33.215, 2.13, 6.04
33.255, 1.46, 4.17
33.291, 0.90, 2.76
33.327, 1.13, 2.09
33.354, 2.23, 1.76
33.386, 4.00, 1.60
33.425, 6.04, 1.73
33.455, 7.66, 2.08
33.483, 8.77, 2.58
33.515, 9.55, 3.32
33.551, 9.75, 4.32
33.586, 9.58, 5.39
33.618, 9.18, 6.39
33.655, 8.64, 3.01
33.687, 7.91, 3.31
33.724, 7.01, 1.82
33.764, 5.91, 0.91
33.786, 4.71, 0.84
33.823, 3.29, 1.43
33.861, 2.03, 2.85
33.887, 1.20, 4.14
33.922, 0.76, 6.04
33.958, 1.04, 7.84
33.990, 1.99, 9.01
34.021, 3.52, 9.64
34.060, 5.20, 9.65
34.092, 6.90, 9.03
34.119, 8.09, 8.11
34.165, 9.01, 5.99
34.208, 9.41, 3.83
34.222, 9.41, 3.17
34.254, 8.99, 1.89
34.290, 8.26, 16.26
34.326, 7.40, 9.34
34.354, 6.28, 8.91
34.386, 5.17, 8.05
34.423, 4.07, 6.67
34.455, 3.00, 5.29
34.492, 2.12, 3.67
34.517, 1.59, 2.68
34.558, 0.71, 1.50
34.599, 1.49, 0.88
34.631, 2.82, 0.76
34.658, 4.45, 0.91
34.687, 6.05, 1.33
34.723, 7.29, 2.17
34.757, 8.41, 3.22
34.786, 8.67, 4.25
34.831, 8.86, 5.93
34.858, 8.50, 6.89
34.886, 7.72, 7.79
34.924, 6.56, 9.75
34.954, 5.04, 8.15
34.986, 3.23, 7.07
35.029, 2.63, 5.16
35.056, 1.97, 3.88
35.091, 1.06, 2.33
35.125, 0.60, 1.43
35.164, 0.74, 0.85
35.191, 1.57, 0.70
35.232, 2.95, 0.89
35.265, 4.54, 1.39
35.292, 6.18, 2.00
35.322, 7.36, 2.84
35.356, 8.06, 3.95
35.399, 8.19, 5.44
35.420, 8.41, 6.14
35.456, 8.37, 7.24
35.489, 7.75, 8.18
35.533, 6.76, 7.40
35.555, 5.76, 8.29
35.591, 4.68, 7.56
35.624, 3.50, 6.42
35.665, 2.28, 4.64
35.692, 1.91, 3.42
35.723, 1.06, 2.16
35.757, 0.52, 1.27
35.791, 0.64, 0.77
35.832, 1.51, 0.59
35.863, 3.01, 0.78
35.892, 4.97, 1.20
35.921, 6.93, 1.82
35.957, 8.54, 2.82
35.990, 9.51, 3.88
36.026, 9.85, 5.09
36.059, 9.71, 6.15
36.099, 9.26, 7.25
36.127, 8.61, 7.47
36.167, 7.79, 8.02
36.191, 6.86, 6.43
36.224, 5.88, 4.03
36.265, 4.76, 1.73
36.294, 3.60, 1.11
36.345, 2.48, 0.55
36.358, 1.72, 0.52
36.393, 1.14, 0.68
36.432, 1.33, 1.25
36.457, 2.69, 1.81
36.498, 4.55, 3.00
36.525, 6.64, 3.92
36.556, 7.85, 5.04
36.602, 9.02, 6.71
36.631, 9.63, 7.68
36.661, 9.88, 8.55
36.698, 9.87, 9.86
36.725, 9.74, 9.95
36.768, 9.48, 9.67
36.798, 9.01, 5.95
36.833, 8.29, 3.84
36.857, 7.26, 2.60
36.898, 5.97, 1.61
36.923, 4.63, 1.28
36.967, 3.53, 1.17
36.999, 2.79, 1.47
37.032, 2.06, 2.09
37.064, 2.20, 2.96
37.098, 4.05, 4.09
37.133, 6.04, 5.37
37.166, 7.81, 6.60
37.190, 9.00, 7.45
37.233, 9.62, 8.80
37.266, 9.72, 9.78
37.292, 9.58, 9.94
37.327, 9.18, 9.26
37.366, 8.65, 11.03
37.400, 7.86, 9.67
37.431, 6.87, 9.17
37.467, 5.72, 8.05
37.500, 4.20, 6.68
37.530, 2.76, 5.33
37.561, 1.62, 4.01
37.599, 1.20, 2.86
37.636, 1.38, 2.28
37.668, 2.90, 2.06
37.700, 5.35, 2.11
37.731, 6.38, 2.42
37.766, 7.43, 3.05
37.799, 8.61, 3.87
37.833, 9.19, 4.88
37.866, 9.62, 5.93
37.893, 9.72, 6.80
37.932, 9.63, 7.95
37.966, 9.36, 8.85
38.002, 8.93, 8.98
38.034, 8.40, 7.54
38.068, 7.65, 5.92
38.100, 6.79, 4.31
38.135, 5.83, 2.76
38.166, 4.94, 1.88
38.201, 4.39, 1.32
38.231, 3.60, 1.20
38.271, 3.29, 1.57
38.303, 3.51, 2.26
38.335, 5.84, 3.24
38.369, 6.87, 4.50
38.402, 7.86, 5.82
38.431, 8.89, 6.95
38.466, 9.59, 8.17
38.501, 9.90, 9.22
38.530, 9.93, 9.68
38.568, 9.87, 9.53
38.599, 9.73, 8.80
38.640, 9.42, 9.28
38.674, 8.95, 8.64
38.702, 8.15, 7.53
38.732, 7.24, 6.20
38.768, 6.33, 4.71
38.801, 5.63, 3.93
38.833, 5.49, 3.53
38.865, 5.54, 3.32
38.898, 5.99, 3.32
38.939, 6.11, 3.62
38.968, 7.12, 4.02
39.003, 8.18, 4.68
39.034, 9.13, 5.39
39.069, 9.69, 6.27
39.105, 9.80, 7.21
39.135, 9.58, 7.98
39.168, 9.41, 8.69
39.203, 9.01, 9.49
39.232, 8.48, 9.80
39.266, 7.67, 9.85
39.297, 6.53, 9.60
39.344, 5.28, 8.78
39.368, 4.23, 8.21
39.401, 3.76, 7.38
39.431, 4.13, 6.65
39.473, 4.36, 5.91
39.498, 5.22, 5.69
39.536, 6.17, 5.50
39.565, 7.29, 5.50
39.602, 8.25, 5.71
39.636, 9.28, 6.07
39.664, 9.77, 6.46
39.702, 9.91, 7.11
39.734, 9.68, 7.70
39.769, 9.30, 8.35
39.804, 8.80, 8.40
39.834, 8.25, 6.70
39.869, 7.68, 5.06
39.903, 7.00, 4.27
39.940, 6.25, 3.87
39.967, 5.59, 3.76
40.004, 5.23, 3.88
40.037, 5.10, 4.23
40.068, 5.07, 4.75
40.104, 5.77, 5.54
40.134, 5.88, 6.29
40.175, 7.04, 7.37
40.207, 8.06, 8.18
40.235, 8.91, 8.81
40.267, 9.30, 9.63
40.303, 9.61, 9.97
40.336, 9.63, 9.37
40.369, 9.46, 8.08
40.402, 9.10, 6.45
40.437, 8.63, 8.25
40.471, 7.94, 7.31
40.501, 7.12, 6.27
40.542, 6.17, 5.48
40.583, 5.22, 5.16
40.606, 4.53, 5.08
40.638, 4.03, 5.09
40.670, 3.83, 5.25
40.703, 4.01, 5.55
40.738, 5.61, 6.00
40.774, 6.62, 6.58
40.803, 7.89, 7.09
40.835, 9.08, 7.67
40.867, 9.69, 8.23
40.912, 9.68, 8.93
40.942, 9.28, 9.49
40.975, 8.67, 8.54
41.003, 7.98, 9.33
41.039, 7.17, 9.69
41.071, 6.17, 9.56
41.109, 5.03, 8.91
41.142, 3.78, 7.98
41.170, 2.74, 7.04
41.206, 2.18, 5.81
41.238, 2.29, 4.85
41.275, 2.23, 4.22
41.305, 3.29, 3.93
41.354, 5.39, 3.86
41.372, 7.21, 3.96
41.405, 8.47, 4.31
41.437, 9.35, 4.84
41.474, 9.71, 5.63
41.506, 9.61, 6.40
41.537, 9.20, 7.17
41.587, 8.58, 7.21
41.610, 7.85, 6.05
41.641, 6.90, 4.52
41.678, 5.83, 3.08
41.704, 4.48, 2.53
41.740, 2.98, 2.18
41.782, 1.92, 2.42
41.802, 1.04, 2.78
41.840, 0.91, 3.81
41.876, 1.65, 5.10
41.910, 3.29, 6.42
41.941, 5.50, 7.58
41.975, 6.88, 8.67
42.006, 7.99, 9.50
42.037, 8.92, 9.73
42.071, 9.59, 9.24
42.109, 9.82, 7.92
42.140, 9.70, 6.45
42.184, 9.30, 4.29
42.209, 8.69, 9.60
42.249, 7.81, 7.40
42.275, 6.78, 5.89
42.307, 5.59, 3.97
42.344, 4.29, 2.14
42.376, 3.04, 1.44
42.405, 1.98, 1.04
42.451, 0.98, 0.92
42.475, 0.72, 1.12
42.511, 1.39, 1.72
42.542, 2.67, 2.51
42.576, 4.30, 3.58
42.606, 5.98, 4.65
42.643, 7.50, 6.02
42.672, 8.69, 7.06
42.710, 9.45, 8.26
42.742, 9.69, 9.33
42.778, 9.56, 9.86
42.810, 9.14, 9.46
42.856, 8.46, 9.71
42.874, 7.66, 8.23
42.906, 6.72, 6.73
42.938, 5.64, 4.99
42.981, 4.51, 2.75
43.018, 3.65, 1.53
43.038, 3.14, 1.15
43.086, 2.68, 0.72
43.115, 2.34, 0.82
43.139, 2.66, 1.11
43.173, 4.57, 1.80
43.211, 6.40, 2.91
43.243, 8.03, 4.04
43.277, 9.14, 5.33
43.314, 9.52, 6.72
43.338, 9.48, 7.55
43.382, 8.87, 8.95
43.417, 7.99, 8.40
43.440, 6.82, 9.34
43.476, 5.51, 9.55
43.516, 4.11, 9.05
43.540, 2.51, 8.41
43.577, 1.97, 7.07
43.615, 1.56, 5.48
43.642, 0.88, 4.39
43.677, 0.75, 3.26
43.716, 1.38, 2.63
43.749, 2.76, 2.36
43.785, 4.51, 2.38
43.816, 6.49, 2.66
43.842, 8.08, 3.06
43.877, 9.16, 3.81
43.917, 9.72, 4.89
43.950, 9.86, 5.88
43.977, 9.61, 6.69
44.009, 9.13, 7.60
44.045, 8.48, 7.58
44.078, 7.75, 6.42
44.116, 6.80, 4.36
44.151, 5.72, 2.63
44.177, 4.51, 1.67
44.211, 3.17, 0.92
44.250, 2.06, 0.73
44.278, 0.93, 1.06
44.312, 0.80, 1.94
44.342, 1.76, 3.06
44.382, 3.44, 4.88
44.411, 5.62, 6.25
44.444, 7.26, 7.71
44.484, 8.35, 9.15
44.517, 9.37, 9.80
44.545, 9.79, 9.81
44.576, 9.81, 9.25
44.615, 9.57, 7.81
44.650, 9.27, 6.04
44.677, 8.83, 10.82
44.717, 8.23, 8.36
44.750, 7.51, 6.84
44.785, 6.48, 4.97
44.816, 5.31, 3.35
44.851, 4.11, 1.93
44.875, 3.20, 1.39
44.917, 2.62, 0.85
44.950, 1.68, 0.83
44.984, 2.85, 1.17
45.016, 5.04, 1.81
45.050, 6.65, 2.78
45.084, 7.84, 3.96
45.116, 8.99, 5.18
45.143, 9.68, 6.22
45.179, 9.79, 7.51
45.218, 9.51, 8.75
45.250, 9.07, 9.60
45.285, 8.43, 10.39
45.330, 7.72, 9.30
45.350, 6.81, 8.75
45.392, 5.72, 7.10
45.410, 4.47, 6.27
45.454, 3.23, 4.22
45.485, 2.29, 2.98
45.516, 1.75, 2.27
45.550, 1.27, 1.80
45.585, 2.38, 1.68
45.617, 4.35, 1.88
45.648, 6.55, 2.35
45.685, 7.66, 3.23
45.718, 8.92, 4.23
45.753, 9.62, 5.41
45.782, 9.79, 6.42
45.809, 9.52, 7.33
45.851, 9.10, 8.54
45.884, 8.50, 9.29
45.919, 7.72, 9.21
45.952, 6.80, 8.15
45.982, 5.68, 6.85
46.019, 4.54, 5.06
46.051, 3.24, 3.55
46.085, 2.04, 2.29
46.118, 1.26, 1.58
46.150, 0.82, 1.25
46.186, 1.53, 1.34
46.217, 2.95, 1.80
46.252, 4.95, 2.69
46.285, 6.85, 3.80
46.321, 8.07, 5.21
46.353, 9.21, 6.49
46.386, 9.62, 7.71
46.420, 9.45, 8.80
46.445, 8.85, 9.44
46.490, 8.09, 9.55
46.523, 7.10, 8.60
46.553, 5.91, 7.42
46.584, 4.64, 5.91
46.618, 3.24, 4.17
46.652, 2.11, 2.59
46.684, 1.83, 1.59
46.718, 1.30, 0.99
46.757, 0.78, 0.84
46.789, 0.78, 1.16
46.820, 1.34, 1.83
46.855, 2.42, 2.92
46.885, 3.68, 4.07
46.921, 5.04, 5.55
46.951, 6.07, 6.77
46.986, 6.83, 8.02
47.023, 7.26, 9.15
47.054, 7.43, 9.60
47.085, 7.86, 9.48
47.116, 7.95, 8.79
47.155, 7.37, 7.28
47.190, 6.36, 5.55
47.223, 5.09, 3.72
47.252, 3.65, 2.61
47.285, 2.73, 1.60
47.331, 1.99, 0.88
47.349, 0.98, 0.76
47.390, 0.48, 0.87
47.420, 0.68, 1.27
47.450, 1.45, 1.90
47.485, 2.58, 2.87
47.519, 3.77, 3.96
47.555, 4.68, 5.16
47.586, 5.27, 6.12
47.621, 5.33, 7.06
47.661, 5.10, 7.84
47.685, 4.84, 7.94
47.722, 4.43, 1.71
47.751, 4.32, 4.61
47.785, 3.58, 5.45
47.822, 3.14, 6.28
47.850, 2.92, 6.83
47.886, 2.33, 7.68
47.920, 1.96, 7.95
47.954, 1.29, 7.63
47.985, 0.65, 6.87
48.015, 0.61, 5.80
48.050, 1.24, 4.32
48.087, 2.35, 2.74
48.117, 3.92, 1.65
48.158, 5.45, 0.98
48.186, 6.80, 0.69
48.218, 8.13, 0.50
48.251, 8.94, 0.50
48.285, 9.33, 0.68
48.329, 9.34, 1.20
48.354, 8.74, 1.61
48.385, 7.98, 2.22
48.420, 6.98, 3.18
48.455, 5.92, 4.02
48.487, 4.69, 4.79
48.519, 3.28, 5.54
48.553, 2.31, 6.27
48.587, 1.55, 6.94
48.623, 0.74, 7.79
48.657, 0.51, 7.91
48.686, 0.90, 7.48
48.723, 1.91, 6.32
48.753, 3.31, 5.02
48.791, 4.76, 3.24
48.825, 5.99, 1.82
48.856, 6.73, 1.20
48.885, 7.23, 0.84
48.918, 7.18, 0.58
48.953, 7.25, 0.48
48.987, 7.23, 0.57
49.025, 7.03, 0.87
49.065, 5.90, 9.13
49.090, 4.61, 7.98
49.123, 3.14, 7.79
49.154, 2.30, 7.21
49.188, 2.09, 6.20
49.221, 1.26, 4.98
49.261, 0.70, 3.39
49.291, 0.82, 2.29
49.332, 1.72, 1.23
49.356, 3.15, 0.87
49.393, 4.84, 0.54
49.422, 6.37, 0.50
49.454, 7.52, 0.67
49.493, 8.33, 1.17
49.522, 8.60, 1.73
49.560, 9.18, 2.65
49.597, 9.13, 3.68
49.621, 8.63, 4.37
49.660, 8.02, 6.28
49.693, 7.05, 9.10
49.724, 5.76, 8.38
49.768, 4.11, 6.42
49.791, 2.84, 5.15
49.823, 2.14, 3.39
49.867, 1.06, 1.65
49.894, 0.68, 1.17
49.925, 1.08, 0.81
49.958, 2.14, 0.70
49.996, 3.57, 0.90
50.022, 5.16, 1.24
50.059, 6.52, 1.98
50.091, 7.46, 2.82
50.134, 7.98, 4.13
50.162, 8.45, 5.05
50.191, 8.55, 5.99
50.228, 8.50, 7.11
50.261, 8.48, 7.96
50.291, 7.87, 9.49
50.327, 6.81, 4.04
50.361, 5.59, 2.09
50.395, 4.30, 1.26
50.427, 2.88, 0.84
50.456, 1.75, 0.66
50.496, 0.87, 0.76
50.526, 0.68, 1.09
50.566, 1.32, 1.83
50.593, 2.65, 2.49
50.626, 4.50, 3.43
50.660, 6.51, 4.48
50.692, 7.78, 5.49
50.734, 8.75, 6.72
50.759, 9.47, 7.35
50.794, 9.80, 8.45
50.833, 9.83, 8.46
50.860, 9.71, 7.62
50.902, 9.46, 5.31
50.937, 9.02, 7.90
50.957, 8.51, 8.17
50.993, 7.87, 6.18
51.026, 7.07, 4.16
51.064, 6.17, 2.11
51.094, 5.15, 1.37
51.134, 4.16, 0.79
51.168, 2.76, 0.64
51.200, 1.69, 0.81
51.225, 2.70, 1.15
51.261, 4.95, 1.90
51.302, 6.15, 3.09
51.333, 7.02, 4.15
51.359, 8.30, 5.09
51.400, 9.38, 6.58
51.435, 9.82, 7.74
51.471, 9.93, 8.87
51.498, 9.79, 9.66
51.533, 9.58, 9.83
51.570, 9.20, 12.61
51.595, 8.57, 9.18
51.634, 7.85, 7.55
51.659, 6.99, 6.23
51.694, 6.07, 4.35
51.736, 5.19, 2.68
51.760, 4.59, 2.24
51.794, 4.18, 1.83
51.835, 3.79, 1.70
51.866, 4.22, 1.87
51.902, 6.17, 2.35
51.926, 6.93, 2.82
51.962, 8.02, 3.71
52.001, 9.10, 4.86
52.027, 9.66, 5.68
52.067, 9.68, 6.94
52.094, 9.44, 7.73
52.134, 8.98, 8.76
52.176, 8.47, 9.81
52.203, 7.84, 9.56
52.236, 7.00, 9.04
52.268, 6.03, 8.20
52.301, 4.87, 7.11
52.337, 3.66, 5.87
52.371, 2.69, 4.83
52.401, 2.07, 4.28
52.434, 1.11, 3.92
52.461, 2.62, 3.79
52.501, 4.98, 3.88
52.536, 6.35, 4.23
52.567, 7.32, 4.72
52.602, 8.39, 5.44
52.636, 9.16, 6.25
52.669, 9.70, 7.08
52.702, 9.84, 7.88
52.736, 9.79, 8.60
52.768, 9.59, 9.26
52.798, 9.31, 8.61
52.829, 8.80, 8.53
52.864, 8.12, 7.01
52.900, 7.20, 5.18
52.939, 6.14, 3.27
52.970, 5.19, 2.12
52.995, 4.48, 1.56
53.036, 3.99, 1.10
53.067, 3.56, 1.16
53.103, 3.61, 1.67
53.134, 5.79, 2.44
53.169, 6.89, 3.61
53.211, 7.91, 5.25
53.236, 8.84, 6.26
53.270, 9.57, 7.55
53.302, 9.89, 8.59
53.338, 9.94, 9.58
53.372, 9.77, 9.84
53.403, 9.56, 9.47
53.439, 9.19, 10.52
53.471, 8.69, 8.70
53.501, 8.03, 7.67
53.535, 7.17, 6.37
53.569, 6.32, 5.13
53.601, 5.56, 4.29
53.636, 5.23, 3.79
53.672, 4.85, 3.57
53.705, 4.50, 3.63
53.735, 4.87, 3.90
53.767, 6.44, 4.41
53.802, 7.51, 5.16
53.837, 8.69, 6.06
53.869, 9.49, 6.94
53.902, 9.79, 7.83
53.936, 9.68, 8.65
53.968, 9.37, 9.38
54.005, 8.83, 9.56
54.037, 8.01, 9.74
54.077, 6.85, 9.70
54.103, 5.42, 9.38
54.135, 3.77, 8.71
54.171, 2.34, 7.71
54.201, 1.34, 6.80
54.228, 0.81, 6.01
54.268, 1.15, 5.11
54.300, 2.52, 4.73
54.336, 4.64, 4.51
54.367, 6.34, 4.53
54.403, 7.33, 4.77
54.429, 8.59, 5.08
54.471, 9.46, 5.79
54.504, 9.78, 6.47
54.536, 9.61, 7.21
54.571, 9.22, 7.96
54.605, 8.61, 8.66
54.635, 8.03, 8.06
54.674, 7.35, 6.21
54.700, 6.58, 4.85
54.737, 5.84, 3.01
54.775, 4.95, 1.61
54.804, 4.18, 1.01
54.839, 3.61, 0.80
54.871, 2.81, 1.14
54.901, 2.17, 1.88
54.938, 2.70, 3.25
54.971, 4.80, 4.73
55.006, 6.57, 6.37
55.038, 7.50, 7.75
55.072, 8.42, 8.95
55.106, 9.04, 9.68
55.141, 9.52, 9.70
55.171, 9.77, 9.13
55.202, 9.80, 8.06
55.237, 9.60, 6.41
55.271, 9.13, 4.64
55.304, 8.46, 1.85
55.339, 7.60, 3.54
55.371, 6.63, 2.76
55.408, 5.73, 2.27
55.440, 5.04, 2.14
55.472, 4.75, 2.28
55.503, 4.47, 2.66
55.536, 4.53, 3.32
55.570, 5.35, 4.20
55.608, 6.38, 5.36
55.639, 7.13, 6.35
55.672, 8.10, 7.38
55.704, 9.00, 8.28
55.738, 9.50, 9.26
55.770, 9.79, 9.82
55.803, 9.77, 9.61
55.842, 9.55, 8.41
55.877, 9.19, 8.21
55.906, 8.62, 9.10
55.942, 7.93, 9.63
55.973, 7.18, 9.80
56.010, 6.28, 9.64
56.038, 5.53, 9.26
56.078, 5.16, 8.41
56.105, 4.89, 7.69
56.144, 4.87, 6.60
56.178, 5.58, 5.71
56.204, 6.08, 5.17
56.241, 7.03, 4.73
56.279, 8.29, 4.49
56.311, 9.06, 4.47
56.339, 9.63, 4.58
56.374, 9.73, 4.90
56.412, 9.58, 5.43
56.445, 9.17, 6.01
56.478, 8.65, 8.61
56.506, 7.96, 7.82
56.540, 7.15, 6.52
56.570, 6.18, 5.57
56.603, 5.09, 5.16
56.644, 4.09, 4.89
56.677, 3.44, 4.88
56.712, 2.91, 5.08
56.744, 2.53, 5.44
56.770, 3.16, 5.83
56.807, 5.53, 6.50
56.838, 6.56, 7.13
56.877, 7.62, 7.94
56.919, 8.67, 8.74
56.944, 9.48, 9.18
56.978, 9.84, 9.77
57.006, 9.85, 9.75
57.042, 9.67, 9.07
57.080, 9.37, 7.78
57.111, 8.94, 9.29
57.141, 8.38, 8.33
57.179, 7.67, 6.84
57.205, 6.83, 5.73
57.245, 5.82, 4.13
57.272, 4.76, 3.34
57.315, 3.75, 2.64
57.343, 2.64, 2.50
57.377, 1.29, 2.66
57.405, 1.83, 3.07
57.440, 3.54, 3.89
57.479, 5.63, 5.08
57.510, 7.18, 6.14
57.541, 8.33, 7.21
57.578, 9.03, 8.35
57.609, 9.56, 9.19
57.643, 9.68, 9.77
57.676, 9.58, 9.79
57.710, 9.25, 9.26
57.747, 8.86, 10.85
57.776, 8.37, 8.82
57.811, 7.71, 7.53
57.844, 6.92, 5.99
57.879, 5.92, 4.29
57.912, 4.87, 2.86
57.951, 3.98, 1.86
57.979, 2.82, 1.46
58.009, 1.81, 1.28
58.044, 1.20, 1.43
58.080, 2.46, 1.97
58.118, 4.10, 2.89
58.144, 5.61, 3.69
58.175, 6.90, 4.76
58.212, 7.73, 6.09
58.244, 8.33, 7.20
58.273, 8.79, 8.09
58.325, 8.72, 9.45
58.348, 8.43, 9.67
58.381, 7.33, 9.55
58.408, 5.86, 8.24
58.453, 4.16, 6.76
58.479, 2.97, 5.65
58.512, 2.50, 4.18
58.543, 1.95, 2.90
58.579, 1.02, 1.91
58.610, 0.53, 1.43
58.642, 0.74, 1.20
58.681, 1.68, 1.31
58.718, 3.23, 1.78
58.752, 5.07, 2.51
58.776, 6.91, 3.15
58.820, 8.42, 4.50
58.853, 9.28, 5.58
58.877, 9.76, 6.34
58.912, 9.87, 7.34
58.954, 9.71, 8.42
58.986, 9.30, 8.84
59.013, 8.70, 6.87
59.052, 7.84, 9.17
59.078, 6.83, 8.35
59.109, 5.64, 7.07
59.153, 4.32, 4.96
59.180, 2.88, 3.65
59.219, 1.85, 2.00
59.244, 1.15, 1.27
59.285, 0.54, 0.57
59.321, 0.55, 0.52
59.352, 1.17, 0.89
59.376, 2.39, 1.43
59.418, 4.00, 2.80
59.453, 5.59, 4.24
59.478, 6.64, 5.33
59.513, 6.12, 6.84
59.546, 5.80, 8.10
59.587, 5.57, 11.74
59.613, 4.92, 9.36
59.651, 4.24, 8.76
59.679, 3.52, 7.66
59.719, 2.80, 5.46
59.754, 2.13, 3.39
59.787, 1.55, 1.77
59.820, 1.15, 1.09
59.852, 0.83, 0.67
59.878, 0.66, 0.52
59.913, 0.52, 0.61
59.954, 0.37, 1.13
59.987, 0.22, 1.83
