経過時間_秒, Green, IBI, Smoothed_IBI, bpmSD, Smoothed_BPM
0.061, 1.46, 682.00, 670.35, 10.38, 89.51
0.074, 1.35, 682.00, 670.35, 10.38, 89.51
0.095, 1.28, 682.00, 670.35, 10.38, 89.51
0.132, 1.09, 682.00, 670.35, 10.38, 89.51
0.166, 0.56, 682.00, 670.35, 10.38, 89.51
0.193, 0.25, 682.00, 670.35, 10.38, 89.51
0.232, 0.33, 682.00, 670.35, 10.38, 89.51
0.267, 0.81, 682.00, 670.35, 10.38, 89.51
0.296, 1.63, 682.00, 670.35, 10.38, 89.51
0.331, 2.89, 682.00, 670.35, 10.38, 89.51
0.361, 4.48, 682.00, 670.35, 10.38, 89.51
0.399, 6.18, 682.00, 670.35, 10.38, 89.51
0.429, 8.00, 682.00, 670.35, 10.38, 89.51
0.460, 8.97, 682.00, 670.35, 10.38, 89.51
0.494, 9.31, 682.00, 670.35, 10.38, 89.51
0.528, 9.65, 682.00, 670.35, 10.38, 89.51
0.562, 9.72, 682.00, 670.35, 10.38, 89.51
0.596, 9.56, 682.00, 670.35, 10.33, 89.51
0.632, 9.16, 682.00, 670.35, 10.33, 89.51
0.665, 8.67, 682.00, 670.35, 10.33, 89.51
0.697, 8.10, 682.00, 670.35, 10.33, 89.51
0.729, 7.43, 682.00, 670.35, 10.33, 89.51
0.756, 6.81, 682.00, 670.35, 10.33, 89.51
0.795, 6.17, 682.00, 670.35, 10.33, 89.51
0.831, 5.37, 682.00, 670.35, 10.33, 89.51
0.861, 4.11, 682.00, 670.35, 10.33, 89.51
0.897, 2.14, 682.00, 670.35, 10.33, 89.51
0.928, 1.57, 682.00, 670.35, 10.33, 89.51
0.961, 1.36, 682.00, 670.35, 10.33, 89.51
0.996, 0.73, 682.00, 670.35, 10.33, 89.51
1.028, 0.54, 682.00, 670.35, 10.33, 89.51
1.064, 0.88, 682.00, 670.35, 10.33, 89.51
1.093, 1.88, 682.00, 670.35, 10.33, 89.51
1.133, 3.36, 682.00, 670.35, 10.33, 89.51
1.163, 5.28, 682.00, 670.35, 10.33, 89.51
1.194, 7.34, 682.00, 670.35, 10.33, 89.51
1.227, 8.19, 682.00, 670.35, 10.33, 89.51
1.261, 8.87, 682.00, 670.35, 10.33, 89.51
1.297, 9.31, 682.00, 670.35, 10.33, 89.51
1.330, 9.68, 682.00, 670.35, 10.33, 89.51
1.361, 9.81, 682.00, 670.35, 10.33, 89.51
1.395, 9.79, 682.00, 670.35, 10.47, 89.51
1.429, 9.60, 682.00, 670.35, 10.47, 89.51
1.464, 9.37, 682.00, 670.35, 10.47, 89.51
1.496, 9.02, 682.00, 670.35, 10.47, 89.51
1.532, 8.65, 682.00, 670.35, 10.47, 89.51
1.561, 8.18, 682.00, 670.35, 10.47, 89.51
1.599, 7.63, 682.00, 670.35, 10.47, 89.51
1.632, 6.95, 682.00, 670.35, 10.47, 89.51
1.663, 5.97, 682.00, 670.35, 10.47, 89.51
1.695, 4.54, 682.00, 670.35, 10.47, 89.51
1.732, 2.05, 682.00, 670.35, 10.47, 89.51
1.767, 1.26, 682.00, 670.35, 10.47, 89.51
1.798, 0.64, 682.00, 670.35, 10.47, 89.51
1.831, 0.62, 682.00, 670.35, 10.47, 89.51
1.864, 1.41, 682.00, 670.35, 10.47, 89.51
1.895, 2.89, 682.00, 670.35, 10.47, 89.51
1.930, 5.02, 682.00, 670.35, 10.47, 89.51
1.964, 6.64, 682.00, 670.35, 10.47, 89.51
2.000, 7.62, 682.00, 670.35, 10.47, 89.51
2.032, 8.34, 682.00, 670.35, 10.47, 89.51
2.063, 8.83, 682.00, 670.35, 10.47, 89.51
2.098, 9.20, 682.00, 670.35, 10.47, 89.51
2.134, 9.65, 682.00, 670.35, 10.47, 89.51
2.170, 9.85, 682.00, 670.35, 10.47, 89.51
2.199, 9.84, 682.00, 670.35, 10.78, 89.51
2.235, 9.61, 682.00, 670.35, 10.78, 89.51
2.264, 9.23, 682.00, 670.35, 10.78, 89.51
2.297, 8.69, 682.00, 670.35, 10.78, 89.51
2.328, 8.07, 682.00, 670.35, 10.78, 89.51
2.361, 7.41, 682.00, 670.35, 10.78, 89.51
2.397, 6.74, 682.00, 670.35, 10.78, 89.51
2.429, 5.94, 682.00, 670.35, 10.78, 89.51
2.467, 4.82, 682.00, 670.35, 10.78, 89.51
2.500, 3.15, 682.00, 670.35, 10.78, 89.51
2.530, 1.63, 682.00, 670.35, 10.78, 89.51
2.569, 1.03, 682.00, 670.35, 10.78, 89.51
2.595, 0.53, 682.00, 670.35, 10.78, 89.51
2.631, 0.63, 682.00, 670.35, 10.78, 89.51
2.666, 1.34, 682.00, 670.35, 10.78, 89.51
2.699, 2.67, 682.00, 670.35, 10.78, 89.51
2.745, 4.51, 682.00, 670.35, 10.78, 89.51
2.762, 6.57, 682.00, 670.35, 10.78, 89.51
2.798, 7.66, 682.00, 670.35, 10.78, 89.51
2.830, 8.49, 682.00, 670.35, 10.78, 89.51
2.870, 8.95, 682.00, 670.35, 10.78, 89.51
2.903, 9.36, 682.00, 670.35, 10.78, 89.51
2.930, 9.68, 682.00, 670.35, 10.78, 89.51
2.969, 9.80, 682.00, 670.35, 10.78, 89.51
3.000, 9.69, 682.00, 670.35, 10.86, 89.51
3.035, 9.41, 682.00, 670.35, 10.86, 89.51
3.065, 9.08, 682.00, 670.35, 10.86, 89.51
3.100, 8.62, 682.00, 670.35, 10.86, 89.51
3.133, 8.11, 682.00, 670.35, 10.86, 89.51
3.164, 7.48, 682.00, 670.35, 10.86, 89.51
3.204, 6.78, 682.00, 670.35, 10.86, 89.51
3.235, 5.87, 682.00, 670.35, 10.86, 89.51
3.266, 4.45, 682.00, 670.35, 10.86, 89.51
3.297, 2.58, 682.00, 670.35, 10.86, 89.51
3.338, 1.20, 682.00, 670.35, 10.86, 89.51
3.365, 0.60, 682.00, 670.35, 10.86, 89.51
3.405, 0.50, 682.00, 670.35, 10.86, 89.51
3.434, 1.01, 682.00, 670.35, 10.86, 89.51
3.467, 2.04, 682.00, 670.35, 10.86, 89.51
3.503, 3.51, 682.00, 670.35, 10.86, 89.51
3.530, 5.16, 682.00, 670.35, 10.86, 89.51
3.567, 6.92, 682.00, 670.35, 10.86, 89.51
3.599, 8.31, 682.00, 670.35, 10.86, 89.51
3.632, 9.31, 682.00, 670.35, 10.86, 89.51
3.668, 9.66, 682.00, 670.35, 10.86, 89.51
3.702, 9.69, 682.00, 670.35, 10.86, 89.51
3.750, 9.45, 749.00, 709.67, 10.67, 84.55
3.766, 8.91, 749.00, 709.67, 10.67, 84.55
3.806, 8.24, 749.00, 709.67, 10.67, 84.55
3.836, 7.39, 749.00, 709.67, 10.67, 84.55
3.867, 6.42, 749.00, 709.67, 10.67, 84.55
3.902, 5.32, 749.00, 709.67, 10.67, 84.55
3.931, 4.05, 749.00, 709.67, 10.67, 84.55
3.965, 2.73, 749.00, 709.67, 10.67, 84.55
4.012, 2.00, 749.00, 709.67, 10.67, 84.55
4.039, 1.72, 749.00, 709.67, 10.67, 84.55
4.071, 1.50, 749.00, 709.67, 10.67, 84.55
4.099, 1.18, 749.00, 709.67, 10.67, 84.55
4.137, 0.60, 749.00, 709.67, 10.67, 84.55
4.171, 0.41, 749.00, 709.67, 10.67, 84.55
4.205, 0.71, 749.00, 709.67, 10.67, 84.55
4.236, 1.51, 749.00, 709.67, 10.67, 84.55
4.267, 2.65, 749.00, 709.67, 10.67, 84.55
4.298, 4.12, 749.00, 709.67, 10.67, 84.55
4.338, 5.66, 749.00, 709.67, 10.67, 84.55
4.371, 7.22, 749.00, 709.67, 10.67, 84.55
4.404, 8.71, 749.00, 709.67, 10.67, 84.55
4.438, 9.48, 749.00, 709.67, 10.67, 84.55
4.472, 9.75, 749.00, 709.67, 10.67, 84.55
4.501, 9.80, 749.00, 709.67, 10.67, 84.55
4.534, 9.67, 785.00, 747.34, 10.80, 80.29
4.572, 9.38, 785.00, 747.34, 10.80, 80.29
4.602, 8.90, 785.00, 747.34, 10.80, 80.29
4.637, 8.27, 785.00, 747.34, 10.80, 80.29
4.671, 7.48, 785.00, 747.34, 10.80, 80.29
4.713, 6.52, 785.00, 747.34, 10.80, 80.29
4.737, 5.51, 785.00, 747.34, 10.80, 80.29
4.769, 4.39, 785.00, 747.34, 10.80, 80.29
4.803, 2.81, 785.00, 747.34, 10.80, 80.29
4.839, 1.46, 785.00, 747.34, 10.80, 80.29
4.879, 1.43, 785.00, 747.34, 10.80, 80.29
4.912, 1.14, 785.00, 747.34, 10.80, 80.29
4.938, 0.55, 785.00, 747.34, 10.80, 80.29
4.973, 0.33, 785.00, 747.34, 10.80, 80.29
5.006, 0.57, 785.00, 747.34, 10.80, 80.29
5.036, 1.28, 785.00, 747.34, 10.80, 80.29
5.072, 2.44, 785.00, 747.34, 10.80, 80.29
5.100, 3.82, 785.00, 747.34, 10.80, 80.29
5.135, 5.48, 785.00, 747.34, 10.80, 80.29
5.166, 7.06, 785.00, 747.34, 10.80, 80.29
5.205, 8.43, 785.00, 747.34, 10.80, 80.29
5.241, 9.18, 785.00, 747.34, 10.80, 80.29
5.270, 9.63, 785.00, 747.34, 10.80, 80.29
5.301, 9.85, 785.00, 747.34, 10.80, 80.29
5.345, 9.80, 785.00, 747.34, 11.01, 80.29
5.373, 9.54, 785.00, 747.34, 11.01, 80.29
5.407, 9.07, 785.00, 747.34, 11.01, 80.29
5.448, 8.42, 785.00, 747.34, 11.01, 80.29
5.476, 7.64, 785.00, 747.34, 11.01, 80.29
5.506, 6.83, 785.00, 747.34, 11.01, 80.29
5.537, 5.96, 785.00, 747.34, 11.01, 80.29
5.573, 5.08, 785.00, 747.34, 11.01, 80.29
5.611, 3.60, 785.00, 747.34, 11.01, 80.29
5.637, 1.76, 785.00, 747.34, 11.01, 80.29
5.672, 0.71, 785.00, 747.34, 11.01, 80.29
5.706, 0.41, 785.00, 747.34, 11.01, 80.29
5.752, 0.87, 785.00, 747.34, 11.01, 80.29
5.770, 2.00, 785.00, 747.34, 11.01, 80.29
5.803, 3.77, 785.00, 747.34, 11.01, 80.29
5.837, 5.88, 785.00, 747.34, 11.01, 80.29
5.871, 7.61, 785.00, 747.34, 11.01, 80.29
5.904, 8.58, 785.00, 747.34, 11.01, 80.29
5.943, 9.18, 785.00, 747.34, 11.01, 80.29
5.972, 9.63, 785.00, 747.34, 11.01, 80.29
6.004, 9.87, 785.00, 747.34, 11.01, 80.29
6.046, 9.90, 785.00, 747.34, 11.01, 80.29
6.078, 9.78, 733.00, 740.17, 10.70, 81.06
6.111, 9.52, 733.00, 740.17, 10.70, 81.06
6.147, 9.11, 733.00, 740.17, 10.70, 81.06
6.169, 8.51, 733.00, 740.17, 10.70, 81.06
6.212, 7.70, 733.00, 740.17, 10.70, 81.06
6.236, 6.72, 733.00, 740.17, 10.70, 81.06
6.274, 5.62, 733.00, 740.17, 10.70, 81.06
6.312, 4.40, 733.00, 740.17, 10.70, 81.06
6.335, 2.91, 733.00, 740.17, 10.70, 81.06
6.374, 1.32, 733.00, 740.17, 10.70, 81.06
6.419, 0.69, 733.00, 740.17, 10.70, 81.06
6.433, 0.70, 733.00, 740.17, 10.70, 81.06
6.478, 1.52, 733.00, 740.17, 10.70, 81.06
6.510, 3.13, 733.00, 740.17, 10.70, 81.06
6.545, 5.45, 733.00, 740.17, 10.70, 81.06
6.570, 6.47, 733.00, 740.17, 10.70, 81.06
6.612, 7.37, 733.00, 740.17, 10.70, 81.06
6.638, 8.19, 733.00, 740.17, 10.70, 81.06
6.680, 8.84, 733.00, 740.17, 10.70, 81.06
6.722, 9.26, 733.00, 740.17, 10.70, 81.06
6.754, 9.68, 733.00, 740.17, 10.70, 81.06
6.771, 9.88, 733.00, 740.17, 10.70, 81.06
6.805, 9.93, 733.00, 740.17, 10.70, 81.06
6.838, 9.79, 760.00, 750.08, 10.40, 79.99
6.880, 9.53, 760.00, 750.08, 10.40, 79.99
6.913, 9.14, 760.00, 750.08, 10.40, 79.99
6.947, 8.63, 760.00, 750.08, 10.40, 79.99
6.980, 8.03, 760.00, 750.08, 10.40, 79.99
7.006, 7.33, 760.00, 750.08, 10.40, 79.99
7.045, 6.51, 760.00, 750.08, 10.40, 79.99
7.087, 5.38, 760.00, 750.08, 10.40, 79.99
7.117, 3.71, 760.00, 750.08, 10.40, 79.99
7.144, 1.59, 760.00, 750.08, 10.40, 79.99
7.184, 0.77, 760.00, 750.08, 10.40, 79.99
7.214, 0.54, 760.00, 750.08, 10.40, 79.99
7.240, 0.93, 760.00, 750.08, 10.40, 79.99
7.279, 1.95, 760.00, 750.08, 10.40, 79.99
7.311, 3.49, 760.00, 750.08, 10.40, 79.99
7.339, 5.30, 760.00, 750.08, 10.40, 79.99
7.381, 7.16, 760.00, 750.08, 10.40, 79.99
7.406, 8.42, 760.00, 750.08, 10.40, 79.99
7.446, 9.17, 760.00, 750.08, 10.40, 79.99
7.479, 9.47, 760.00, 750.08, 10.40, 79.99
7.513, 9.71, 760.00, 750.08, 10.40, 79.99
7.554, 9.74, 760.00, 750.08, 10.40, 79.99
7.581, 9.58, 743.00, 746.54, 10.19, 80.37
7.612, 9.25, 743.00, 746.54, 10.19, 80.37
7.647, 8.80, 743.00, 746.54, 10.19, 80.37
7.681, 8.19, 743.00, 746.54, 10.19, 80.37
7.715, 7.42, 743.00, 746.54, 10.19, 80.37
7.755, 6.50, 743.00, 746.54, 10.19, 80.37
7.781, 5.43, 743.00, 746.54, 10.19, 80.37
7.808, 4.32, 743.00, 746.54, 10.19, 80.37
7.845, 2.32, 743.00, 746.54, 10.19, 80.37
7.881, 1.21, 743.00, 746.54, 10.19, 80.37
7.912, 0.56, 743.00, 746.54, 10.19, 80.37
7.939, 0.44, 743.00, 746.54, 10.19, 80.37
7.973, 0.90, 743.00, 746.54, 10.19, 80.37
8.008, 1.73, 743.00, 746.54, 10.19, 80.37
8.049, 2.91, 743.00, 746.54, 10.19, 80.37
8.081, 4.20, 743.00, 746.54, 10.19, 80.37
8.122, 5.36, 743.00, 746.54, 10.19, 80.37
8.144, 6.35, 743.00, 746.54, 10.19, 80.37
8.189, 7.20, 743.00, 746.54, 10.19, 80.37
8.212, 7.79, 743.00, 746.54, 10.19, 80.37
8.238, 8.23, 743.00, 746.54, 10.19, 80.37
8.281, 8.78, 743.00, 746.54, 10.19, 80.37
8.322, 8.92, 743.00, 746.54, 10.19, 80.37
8.339, 8.04, 759.00, 752.77, 10.04, 79.71
8.388, 6.86, 759.00, 752.77, 10.04, 79.71
8.412, 5.46, 759.00, 752.77, 10.04, 79.71
8.445, 3.90, 759.00, 752.77, 10.04, 79.71
8.481, 2.41, 759.00, 752.77, 10.04, 79.71
8.521, 1.99, 759.00, 752.77, 10.04, 79.71
8.547, 1.61, 759.00, 752.77, 10.04, 79.71
8.582, 1.47, 759.00, 752.77, 10.04, 79.71
8.612, 1.25, 759.00, 752.77, 10.04, 79.71
8.646, 0.65, 759.00, 752.77, 10.04, 79.71
8.680, 0.48, 759.00, 752.77, 10.04, 79.71
8.713, 0.82, 759.00, 752.77, 10.04, 79.71
8.756, 1.70, 759.00, 752.77, 10.04, 79.71
8.788, 3.07, 759.00, 752.77, 10.04, 79.71
8.818, 4.71, 759.00, 752.77, 10.04, 79.71
8.855, 6.37, 759.00, 752.77, 10.04, 79.71
8.882, 8.08, 759.00, 752.77, 10.04, 79.71
8.914, 9.03, 759.00, 752.77, 10.04, 79.71
8.949, 9.33, 759.00, 752.77, 10.04, 79.71
8.989, 9.65, 759.00, 752.77, 10.04, 79.71
9.014, 9.85, 759.00, 752.77, 10.04, 79.71
9.047, 9.83, 708.00, 730.39, 9.49, 82.15
9.089, 9.67, 708.00, 730.39, 9.49, 82.15
9.115, 9.35, 708.00, 730.39, 9.49, 82.15
9.146, 8.85, 708.00, 730.39, 9.49, 82.15
9.182, 8.16, 708.00, 730.39, 9.49, 82.15
9.216, 7.27, 708.00, 730.39, 9.49, 82.15
9.255, 6.30, 708.00, 730.39, 9.49, 82.15
9.277, 5.26, 708.00, 730.39, 9.49, 82.15
9.315, 3.66, 708.00, 730.39, 9.49, 82.15
9.350, 1.79, 708.00, 730.39, 9.49, 82.15
9.379, 1.04, 708.00, 730.39, 9.49, 82.15
9.413, 0.55, 708.00, 730.39, 9.49, 82.15
9.449, 0.65, 708.00, 730.39, 9.49, 82.15
9.482, 1.37, 708.00, 730.39, 9.49, 82.15
9.522, 2.66, 708.00, 730.39, 9.49, 82.15
9.546, 4.41, 708.00, 730.39, 9.49, 82.15
9.586, 6.31, 708.00, 730.39, 9.49, 82.15
9.614, 7.77, 708.00, 730.39, 9.49, 82.15
9.651, 8.60, 708.00, 730.39, 9.49, 82.15
9.680, 9.00, 708.00, 730.39, 9.49, 82.15
9.726, 9.36, 708.00, 730.39, 9.49, 82.15
9.758, 9.66, 708.00, 730.39, 9.49, 82.15
9.778, 9.57, 730.00, 730.19, 9.49, 82.17
9.816, 9.03, 730.00, 730.19, 9.49, 82.17
9.847, 7.94, 730.00, 730.19, 9.49, 82.17
9.879, 6.38, 730.00, 730.19, 9.49, 82.17
9.916, 4.46, 730.00, 730.19, 9.49, 82.17
9.950, 2.99, 730.00, 730.19, 9.49, 82.17
9.994, 2.33, 730.00, 730.19, 9.49, 82.17
10.022, 1.88, 730.00, 730.19, 9.49, 82.17
10.056, 1.54, 730.00, 730.19, 9.49, 82.17
10.082, 1.28, 730.00, 730.19, 9.49, 82.17
10.118, 1.09, 730.00, 730.19, 9.49, 82.17
10.148, 0.84, 730.00, 730.19, 9.49, 82.17
10.186, 0.42, 730.00, 730.19, 9.49, 82.17
10.215, 0.26, 730.00, 730.19, 9.49, 82.17
10.250, 0.43, 730.00, 730.19, 9.49, 82.17
10.282, 0.92, 730.00, 730.19, 9.49, 82.17
10.317, 1.64, 730.00, 730.19, 9.49, 82.17
10.346, 2.49, 730.00, 730.19, 9.49, 82.17
10.382, 3.34, 730.00, 730.19, 9.49, 82.17
10.424, 4.22, 730.00, 730.19, 9.49, 82.17
10.454, 5.09, 730.00, 730.19, 9.49, 82.17
10.481, 6.04, 730.00, 730.19, 9.49, 82.17
10.512, 7.22, 730.00, 730.19, 9.49, 82.17
10.547, 8.76, 730.00, 730.19, 9.49, 82.17
10.581, 9.41, 730.00, 730.19, 9.49, 82.17
10.615, 8.93, 730.00, 730.19, 9.75, 82.17
10.652, 8.27, 730.00, 730.19, 9.75, 82.17
10.684, 7.54, 730.00, 730.19, 9.75, 82.17
10.726, 6.70, 730.00, 730.19, 9.75, 82.17
10.760, 5.77, 730.00, 730.19, 9.75, 82.17
10.791, 4.80, 730.00, 730.19, 9.75, 82.17
10.815, 3.62, 730.00, 730.19, 9.75, 82.17
10.849, 1.92, 730.00, 730.19, 9.75, 82.17
10.887, 1.47, 730.00, 730.19, 9.75, 82.17
10.915, 0.70, 730.00, 730.19, 9.75, 82.17
10.951, 0.36, 730.00, 730.19, 9.75, 82.17
10.983, 0.53, 730.00, 730.19, 9.75, 82.17
11.029, 1.25, 730.00, 730.19, 9.75, 82.17
11.057, 2.35, 730.00, 730.19, 9.75, 82.17
11.083, 3.73, 730.00, 730.19, 9.75, 82.17
11.117, 5.10, 730.00, 730.19, 9.75, 82.17
11.151, 6.36, 730.00, 730.19, 9.75, 82.17
11.182, 7.60, 730.00, 730.19, 9.75, 82.17
11.216, 8.37, 730.00, 730.19, 9.75, 82.17
11.260, 9.05, 730.00, 730.19, 9.75, 82.17
11.283, 9.41, 730.00, 730.19, 9.75, 82.17
11.327, 8.68, 711.00, 720.60, 8.99, 83.26
11.355, 7.62, 711.00, 720.60, 8.99, 83.26
11.390, 6.26, 711.00, 720.60, 8.99, 83.26
11.418, 4.74, 711.00, 720.60, 8.99, 83.26
11.455, 3.14, 711.00, 720.60, 8.99, 83.26
11.483, 2.23, 711.00, 720.60, 8.99, 83.26
11.529, 1.77, 711.00, 720.60, 8.99, 83.26
11.555, 1.49, 711.00, 720.60, 8.99, 83.26
11.583, 1.26, 711.00, 720.60, 8.99, 83.26
11.619, 1.06, 711.00, 720.60, 8.99, 83.26
11.655, 0.57, 711.00, 720.60, 8.99, 83.26
11.686, 0.51, 711.00, 720.60, 8.99, 83.26
11.718, 0.91, 711.00, 720.60, 8.99, 83.26
11.766, 1.88, 711.00, 720.60, 8.99, 83.26
11.794, 3.23, 711.00, 720.60, 8.99, 83.26
11.816, 4.85, 711.00, 720.60, 8.99, 83.26
11.857, 6.60, 711.00, 720.60, 8.99, 83.26
11.886, 8.08, 711.00, 720.60, 8.99, 83.26
11.915, 8.69, 711.00, 720.60, 8.99, 83.26
11.960, 9.19, 711.00, 720.60, 8.99, 83.26
11.986, 9.53, 711.00, 720.60, 8.99, 83.26
12.022, 9.77, 711.00, 720.60, 8.99, 83.26
12.054, 9.74, 727.00, 723.80, 8.07, 82.90
12.088, 9.47, 727.00, 723.80, 8.07, 82.90
12.124, 9.00, 727.00, 723.80, 8.07, 82.90
12.155, 8.42, 727.00, 723.80, 8.07, 82.90
12.185, 7.71, 727.00, 723.80, 8.07, 82.90
12.221, 6.95, 727.00, 723.80, 8.07, 82.90
12.254, 6.14, 727.00, 723.80, 8.07, 82.90
12.297, 5.20, 727.00, 723.80, 8.07, 82.90
12.322, 3.85, 727.00, 723.80, 8.07, 82.90
12.352, 2.11, 727.00, 723.80, 8.07, 82.90
12.386, 1.09, 727.00, 723.80, 8.07, 82.90
12.424, 0.60, 727.00, 723.80, 8.07, 82.90
12.462, 0.63, 727.00, 723.80, 8.07, 82.90
12.487, 1.31, 727.00, 723.80, 8.07, 82.90
12.520, 2.54, 727.00, 723.80, 8.07, 82.90
12.572, 4.16, 727.00, 723.80, 8.07, 82.90
12.595, 5.95, 727.00, 723.80, 8.07, 82.90
12.632, 7.61, 727.00, 723.80, 8.07, 82.90
12.654, 8.88, 727.00, 723.80, 8.07, 82.90
12.693, 9.43, 727.00, 723.80, 8.07, 82.90
12.739, 9.74, 727.00, 723.80, 8.07, 82.90
12.758, 9.86, 727.00, 723.80, 8.07, 82.90
12.783, 9.75, 730.00, 726.90, 7.37, 82.54
12.820, 9.45, 730.00, 726.90, 7.37, 82.54
12.860, 9.04, 730.00, 726.90, 7.37, 82.54
12.896, 8.42, 730.00, 726.90, 7.37, 82.54
12.920, 7.72, 730.00, 726.90, 7.37, 82.54
12.954, 6.81, 730.00, 726.90, 7.37, 82.54
12.989, 5.86, 730.00, 726.90, 7.37, 82.54
13.022, 4.88, 730.00, 726.90, 7.37, 82.54
13.059, 3.54, 730.00, 726.90, 7.37, 82.54
13.086, 1.76, 730.00, 726.90, 7.37, 82.54
13.121, 1.59, 730.00, 726.90, 7.37, 82.54
13.156, 1.02, 730.00, 726.90, 7.37, 82.54
13.188, 0.47, 730.00, 726.90, 7.37, 82.54
13.225, 0.47, 730.00, 726.90, 7.37, 82.54
13.263, 1.01, 730.00, 726.90, 7.37, 82.54
13.295, 2.00, 730.00, 726.90, 7.37, 82.54
13.330, 3.39, 730.00, 726.90, 7.37, 82.54
13.354, 4.90, 730.00, 726.90, 7.37, 82.54
13.399, 6.30, 730.00, 726.90, 7.37, 82.54
13.427, 7.80, 730.00, 726.90, 7.37, 82.54
13.463, 9.04, 730.00, 726.90, 7.37, 82.54
13.485, 9.63, 730.00, 726.90, 7.37, 82.54
13.522, 9.69, 730.00, 726.90, 7.37, 82.54
13.563, 9.55, 780.00, 753.45, 5.21, 79.63
13.592, 9.08, 780.00, 753.45, 5.21, 79.63
13.621, 8.24, 780.00, 753.45, 5.21, 79.63
13.656, 7.16, 780.00, 753.45, 5.21, 79.63
13.690, 5.85, 780.00, 753.45, 5.21, 79.63
13.740, 4.41, 780.00, 753.45, 5.21, 79.63
13.770, 2.90, 780.00, 753.45, 5.21, 79.63
13.792, 2.06, 780.00, 753.45, 5.21, 79.63
13.828, 1.80, 780.00, 753.45, 5.21, 79.63
13.862, 1.62, 780.00, 753.45, 5.21, 79.63
13.887, 1.19, 780.00, 753.45, 5.21, 79.63
13.931, 0.58, 780.00, 753.45, 5.21, 79.63
13.963, 0.35, 780.00, 753.45, 5.21, 79.63
13.988, 0.62, 780.00, 753.45, 5.21, 79.63
14.023, 1.34, 780.00, 753.45, 5.21, 79.63
14.059, 2.41, 780.00, 753.45, 5.21, 79.63
14.098, 3.56, 780.00, 753.45, 5.21, 79.63
14.131, 4.66, 780.00, 753.45, 5.21, 79.63
14.157, 5.66, 780.00, 753.45, 5.21, 79.63
14.196, 6.44, 780.00, 753.45, 5.21, 79.63
14.224, 7.20, 780.00, 753.45, 5.21, 79.63
14.264, 7.94, 780.00, 753.45, 5.21, 79.63
14.298, 8.98, 780.00, 753.45, 5.21, 79.63
14.322, 9.45, 780.00, 753.45, 5.21, 79.63
14.356, 8.91, 793.00, 773.22, 4.59, 77.60
14.391, 8.15, 793.00, 773.22, 4.59, 77.60
14.427, 6.99, 793.00, 773.22, 4.59, 77.60
14.468, 5.60, 793.00, 773.22, 4.59, 77.60
14.497, 3.94, 793.00, 773.22, 4.59, 77.60
14.530, 2.77, 793.00, 773.22, 4.59, 77.60
14.556, 2.20, 793.00, 773.22, 4.59, 77.60
14.598, 1.72, 793.00, 773.22, 4.59, 77.60
14.624, 1.47, 793.00, 773.22, 4.59, 77.60
14.663, 1.13, 793.00, 773.22, 4.59, 77.60
14.708, 0.55, 793.00, 773.22, 4.59, 77.60
14.740, 0.18, 793.00, 773.22, 4.59, 77.60
14.764, 0.08, 793.00, 773.22, 4.59, 77.60
14.796, 0.20, 793.00, 773.22, 4.59, 77.60
14.823, 0.60, 793.00, 773.22, 4.59, 77.60
14.863, 1.24, 793.00, 773.22, 4.59, 77.60
14.898, 2.06, 793.00, 773.22, 4.59, 77.60
14.933, 3.10, 793.00, 773.22, 4.59, 77.60
14.958, 4.37, 793.00, 773.22, 4.59, 77.60
14.999, 5.83, 793.00, 773.22, 4.59, 77.60
15.031, 7.40, 793.00, 773.22, 4.59, 77.60
15.063, 8.95, 793.00, 773.22, 4.59, 77.60
15.092, 9.45, 793.00, 773.22, 4.59, 77.60
15.132, 9.73, 793.00, 773.22, 4.59, 77.60
15.164, 9.79, 793.00, 773.22, 4.59, 77.60
15.199, 9.61, 842.00, 807.61, 4.34, 74.29
15.225, 9.28, 842.00, 807.61, 4.34, 74.29
15.260, 8.84, 842.00, 807.61, 4.34, 74.29
15.291, 8.23, 842.00, 807.61, 4.34, 74.29
15.330, 7.56, 842.00, 807.61, 4.34, 74.29
15.357, 6.79, 842.00, 807.61, 4.34, 74.29
15.405, 6.11, 842.00, 807.61, 4.34, 74.29
15.433, 5.72, 842.00, 807.61, 4.34, 74.29
15.464, 5.19, 842.00, 807.61, 4.34, 74.29
15.499, 5.24, 842.00, 807.61, 4.34, 74.29
15.523, 6.21, 842.00, 807.61, 4.34, 74.29
15.557, 6.32, 842.00, 807.61, 4.34, 74.29
15.599, 7.74, 842.00, 807.61, 4.34, 74.29
15.633, 8.82, 842.00, 807.61, 4.34, 74.29
15.672, 9.59, 842.00, 807.61, 4.34, 74.29
15.704, 9.79, 842.00, 807.61, 4.34, 74.29
15.729, 9.56, 842.00, 807.61, 8.57, 74.29
15.763, 9.14, 842.00, 807.61, 8.57, 74.29
15.790, 8.66, 842.00, 807.61, 8.57, 74.29
15.830, 7.97, 842.00, 807.61, 8.57, 74.29
15.864, 7.26, 842.00, 807.61, 8.57, 74.29
15.904, 6.35, 842.00, 807.61, 8.57, 74.29
15.929, 5.28, 842.00, 807.61, 8.57, 74.29
15.971, 4.04, 842.00, 807.61, 8.57, 74.29
16.005, 2.71, 842.00, 807.61, 8.57, 74.29
16.038, 1.54, 842.00, 807.61, 8.57, 74.29
16.065, 0.71, 842.00, 807.61, 8.57, 74.29
16.098, 0.63, 842.00, 807.61, 8.57, 74.29
16.135, 1.36, 842.00, 807.61, 8.57, 74.29
16.168, 2.75, 842.00, 807.61, 8.57, 74.29
16.202, 4.68, 842.00, 807.61, 8.57, 74.29
16.240, 6.74, 842.00, 807.61, 8.57, 74.29
16.264, 8.04, 842.00, 807.61, 8.57, 74.29
16.303, 8.92, 842.00, 807.61, 8.57, 74.29
16.341, 9.48, 842.00, 807.61, 8.57, 74.29
16.364, 9.80, 842.00, 807.61, 8.57, 74.29
16.399, 9.82, 842.00, 807.61, 8.57, 74.29
16.432, 9.56, 704.00, 755.81, 8.57, 79.39
16.466, 9.13, 704.00, 755.81, 8.57, 79.39
16.497, 8.42, 704.00, 755.81, 8.57, 79.39
16.530, 7.50, 704.00, 755.81, 8.57, 79.39
16.564, 6.39, 704.00, 755.81, 8.57, 79.39
16.597, 5.16, 704.00, 755.81, 8.57, 79.39
16.632, 3.90, 704.00, 755.81, 8.57, 79.39
16.672, 2.69, 704.00, 755.81, 8.57, 79.39
16.698, 1.42, 704.00, 755.81, 8.57, 79.39
16.735, 0.75, 704.00, 755.81, 8.57, 79.39
16.775, 1.00, 704.00, 755.81, 8.57, 79.39
16.804, 2.04, 704.00, 755.81, 8.57, 79.39
16.829, 3.79, 704.00, 755.81, 8.57, 79.39
16.868, 6.01, 704.00, 755.81, 8.57, 79.39
16.901, 6.95, 704.00, 755.81, 8.57, 79.39
16.930, 7.85, 704.00, 755.81, 8.57, 79.39
16.965, 8.64, 704.00, 755.81, 8.57, 79.39
17.006, 9.19, 704.00, 755.81, 8.57, 79.39
17.030, 9.61, 704.00, 755.81, 8.57, 79.39
17.073, 9.85, 704.00, 755.81, 8.57, 79.39
17.104, 9.86, 704.00, 755.81, 8.57, 79.39
17.136, 9.65, 704.00, 755.81, 8.51, 79.39
17.174, 9.27, 704.00, 755.81, 8.51, 79.39
17.207, 8.71, 704.00, 755.81, 8.51, 79.39
17.234, 8.13, 704.00, 755.81, 8.51, 79.39
17.266, 7.43, 704.00, 755.81, 8.51, 79.39
17.302, 6.69, 704.00, 755.81, 8.51, 79.39
17.333, 6.01, 704.00, 755.81, 8.51, 79.39
17.372, 5.12, 704.00, 755.81, 8.51, 79.39
17.400, 4.29, 704.00, 755.81, 8.51, 79.39
17.434, 3.68, 704.00, 755.81, 8.51, 79.39
17.477, 3.30, 704.00, 755.81, 8.51, 79.39
17.508, 5.39, 704.00, 755.81, 8.51, 79.39
17.530, 6.28, 704.00, 755.81, 8.51, 79.39
17.566, 7.28, 704.00, 755.81, 8.51, 79.39
17.602, 8.41, 704.00, 755.81, 8.51, 79.39
17.631, 9.08, 704.00, 755.81, 8.51, 79.39
17.666, 9.50, 704.00, 755.81, 8.51, 79.39
17.700, 9.76, 704.00, 755.81, 8.51, 79.39
17.742, 9.80, 704.00, 755.81, 8.51, 79.39
17.773, 9.58, 704.00, 755.81, 8.86, 79.39
17.807, 9.12, 704.00, 755.81, 8.86, 79.39
17.840, 8.41, 704.00, 755.81, 8.86, 79.39
17.866, 7.49, 704.00, 755.81, 8.86, 79.39
17.899, 6.45, 704.00, 755.81, 8.86, 79.39
17.936, 5.27, 704.00, 755.81, 8.86, 79.39
17.962, 4.12, 704.00, 755.81, 8.86, 79.39
18.000, 3.16, 704.00, 755.81, 8.86, 79.39
18.033, 1.95, 704.00, 755.81, 8.86, 79.39
18.070, 0.89, 704.00, 755.81, 8.86, 79.39
18.101, 1.56, 704.00, 755.81, 8.86, 79.39
18.145, 2.93, 704.00, 755.81, 8.86, 79.39
18.176, 4.66, 704.00, 755.81, 8.86, 79.39
18.204, 6.51, 704.00, 755.81, 8.86, 79.39
18.237, 8.10, 704.00, 755.81, 8.86, 79.39
18.269, 9.18, 704.00, 755.81, 8.86, 79.39
18.301, 9.47, 704.00, 755.81, 8.86, 79.39
18.337, 9.65, 704.00, 755.81, 8.86, 79.39
18.370, 9.62, 704.00, 755.81, 9.71, 79.39
18.408, 9.38, 704.00, 755.81, 9.71, 79.39
18.434, 8.85, 704.00, 755.81, 9.71, 79.39
18.470, 8.10, 704.00, 755.81, 9.71, 79.39
18.508, 7.07, 704.00, 755.81, 9.71, 79.39
18.533, 5.93, 704.00, 755.81, 9.71, 79.39
18.572, 4.61, 704.00, 755.81, 9.71, 79.39
18.611, 3.23, 704.00, 755.81, 9.71, 79.39
18.635, 2.03, 704.00, 755.81, 9.71, 79.39
18.678, 1.27, 704.00, 755.81, 9.71, 79.39
18.706, 0.64, 704.00, 755.81, 9.71, 79.39
18.746, 0.58, 704.00, 755.81, 9.71, 79.39
18.768, 1.13, 704.00, 755.81, 9.71, 79.39
18.803, 2.20, 704.00, 755.81, 9.71, 79.39
18.835, 3.61, 704.00, 755.81, 9.71, 79.39
18.874, 5.10, 704.00, 755.81, 9.71, 79.39
18.901, 6.43, 704.00, 755.81, 9.71, 79.39
18.936, 7.35, 704.00, 755.81, 9.71, 79.39
18.970, 7.99, 704.00, 755.81, 9.71, 79.39
19.011, 8.35, 704.00, 755.81, 9.71, 79.39
19.034, 8.50, 704.00, 755.81, 9.71, 79.39
19.078, 8.69, 704.00, 755.81, 9.71, 79.39
19.100, 7.90, 731.00, 743.40, 9.59, 80.71
19.135, 6.84, 731.00, 743.40, 9.59, 80.71
19.181, 5.69, 731.00, 743.40, 9.59, 80.71
19.208, 4.27, 731.00, 743.40, 9.59, 80.71
19.236, 2.84, 731.00, 743.40, 9.59, 80.71
19.272, 2.32, 731.00, 743.40, 9.59, 80.71
19.308, 1.99, 731.00, 743.40, 9.59, 80.71
19.337, 1.38, 731.00, 743.40, 9.59, 80.71
19.378, 0.60, 731.00, 743.40, 9.59, 80.71
19.411, 0.33, 731.00, 743.40, 9.59, 80.71
19.432, 0.60, 731.00, 743.40, 9.59, 80.71
19.471, 1.42, 731.00, 743.40, 9.59, 80.71
19.502, 2.62, 731.00, 743.40, 9.59, 80.71
19.538, 3.93, 731.00, 743.40, 9.59, 80.71
19.575, 5.13, 731.00, 743.40, 9.59, 80.71
19.604, 6.10, 731.00, 743.40, 9.59, 80.71
19.648, 6.77, 731.00, 743.40, 9.59, 80.71
19.677, 7.41, 731.00, 743.40, 9.59, 80.71
19.705, 7.55, 731.00, 743.40, 9.59, 80.71
19.739, 8.15, 731.00, 743.40, 9.59, 80.71
19.774, 8.02, 674.00, 708.70, 9.42, 84.66
19.807, 6.99, 674.00, 708.70, 9.42, 84.66
19.849, 5.82, 674.00, 708.70, 9.42, 84.66
19.874, 4.41, 674.00, 708.70, 9.42, 84.66
19.904, 2.90, 674.00, 708.70, 9.42, 84.66
19.939, 2.17, 674.00, 708.70, 9.42, 84.66
19.974, 1.65, 674.00, 708.70, 9.42, 84.66
20.006, 0.78, 674.00, 708.70, 9.42, 84.66
20.035, 0.34, 674.00, 708.70, 9.42, 84.66
20.078, 0.49, 674.00, 708.70, 9.42, 84.66
20.103, 1.21, 674.00, 708.70, 9.42, 84.66
20.135, 2.32, 674.00, 708.70, 9.42, 84.66
20.173, 3.66, 674.00, 708.70, 9.42, 84.66
20.207, 4.84, 674.00, 708.70, 9.42, 84.66
20.246, 5.78, 674.00, 708.70, 9.42, 84.66
20.271, 6.31, 674.00, 708.70, 9.42, 84.66
20.304, 6.69, 674.00, 708.70, 9.42, 84.66
20.339, 7.17, 674.00, 708.70, 9.42, 84.66
20.373, 7.22, 674.00, 708.70, 9.42, 84.66
20.414, 7.23, 674.00, 708.70, 9.42, 84.66
20.441, 6.36, 666.00, 687.35, 9.49, 87.29
20.474, 4.77, 666.00, 687.35, 9.49, 87.29
20.504, 2.99, 666.00, 687.35, 9.49, 87.29
20.536, 2.42, 666.00, 687.35, 9.49, 87.29
20.573, 2.23, 666.00, 687.35, 9.49, 87.29
20.607, 1.85, 666.00, 687.35, 9.49, 87.29
20.635, 0.99, 666.00, 687.35, 9.49, 87.29
20.672, 0.50, 666.00, 687.35, 9.49, 87.29
20.706, 0.73, 666.00, 687.35, 9.49, 87.29
20.760, 1.73, 666.00, 687.35, 9.49, 87.29
20.773, 3.42, 666.00, 687.35, 9.49, 87.29
20.808, 5.65, 666.00, 687.35, 9.49, 87.29
20.840, 6.92, 666.00, 687.35, 9.49, 87.29
20.873, 7.94, 666.00, 687.35, 9.49, 87.29
20.914, 8.87, 666.00, 687.35, 9.49, 87.29
20.939, 9.34, 666.00, 687.35, 9.49, 87.29
20.972, 9.67, 666.00, 687.35, 9.49, 87.29
21.015, 9.85, 666.00, 687.35, 9.49, 87.29
21.048, 9.89, 666.00, 687.35, 9.49, 87.29
21.074, 9.77, 666.00, 687.35, 9.66, 87.29
21.107, 9.53, 666.00, 687.35, 9.66, 87.29
21.142, 9.13, 666.00, 687.35, 9.66, 87.29
21.174, 8.56, 666.00, 687.35, 9.66, 87.29
21.208, 7.85, 666.00, 687.35, 9.66, 87.29
21.241, 7.03, 666.00, 687.35, 9.66, 87.29
21.271, 6.16, 666.00, 687.35, 9.66, 87.29
21.309, 5.08, 666.00, 687.35, 9.66, 87.29
21.340, 3.83, 666.00, 687.35, 9.66, 87.29
21.373, 2.41, 666.00, 687.35, 9.66, 87.29
21.416, 1.77, 666.00, 687.35, 9.66, 87.29
21.448, 3.44, 666.00, 687.35, 9.66, 87.29
21.482, 5.67, 666.00, 687.35, 9.66, 87.29
21.509, 6.41, 666.00, 687.35, 9.66, 87.29
21.547, 7.38, 666.00, 687.35, 9.66, 87.29
21.573, 8.39, 666.00, 687.35, 9.66, 87.29
21.605, 9.07, 666.00, 687.35, 9.66, 87.29
21.648, 9.53, 666.00, 687.35, 9.66, 87.29
21.681, 9.77, 666.00, 687.35, 9.66, 87.29
21.708, 9.78, 666.00, 687.35, 9.66, 87.29
21.751, 9.57, 677.00, 682.18, 9.62, 87.95
21.782, 9.20, 677.00, 682.18, 9.62, 87.95
21.816, 8.70, 677.00, 682.18, 9.62, 87.95
21.839, 8.05, 677.00, 682.18, 9.62, 87.95
21.881, 7.34, 677.00, 682.18, 9.62, 87.95
21.915, 6.50, 677.00, 682.18, 9.62, 87.95
21.951, 5.59, 677.00, 682.18, 9.62, 87.95
21.974, 4.47, 677.00, 682.18, 9.62, 87.95
22.013, 3.15, 677.00, 682.18, 9.62, 87.95
22.050, 1.64, 677.00, 682.18, 9.62, 87.95
22.081, 0.84, 677.00, 682.18, 9.62, 87.95
22.116, 1.82, 677.00, 682.18, 9.62, 87.95
22.141, 3.38, 677.00, 682.18, 9.62, 87.95
22.172, 5.22, 677.00, 682.18, 9.62, 87.95
22.207, 7.02, 677.00, 682.18, 9.62, 87.95
22.248, 8.48, 677.00, 682.18, 9.62, 87.95
22.275, 9.40, 677.00, 682.18, 9.62, 87.95
22.315, 9.79, 677.00, 682.18, 9.62, 87.95
22.341, 9.79, 677.00, 682.18, 9.62, 87.95
22.381, 9.58, 677.00, 682.18, 9.71, 87.95
22.414, 9.13, 677.00, 682.18, 9.71, 87.95
22.442, 8.44, 677.00, 682.18, 9.71, 87.95
22.481, 7.52, 677.00, 682.18, 9.71, 87.95
22.514, 6.36, 677.00, 682.18, 9.71, 87.95
22.542, 5.03, 677.00, 682.18, 9.71, 87.95
22.582, 3.58, 677.00, 682.18, 9.71, 87.95
22.615, 2.20, 677.00, 682.18, 9.71, 87.95
22.649, 1.97, 677.00, 682.18, 9.71, 87.95
22.675, 1.49, 677.00, 682.18, 9.71, 87.95
22.708, 0.71, 677.00, 682.18, 9.71, 87.95
22.750, 0.39, 677.00, 682.18, 9.71, 87.95
22.774, 0.64, 677.00, 682.18, 9.71, 87.95
22.816, 1.46, 677.00, 682.18, 9.71, 87.95
22.849, 2.76, 677.00, 682.18, 9.71, 87.95
22.882, 4.35, 677.00, 682.18, 9.71, 87.95
22.908, 5.99, 677.00, 682.18, 9.71, 87.95
22.951, 7.44, 677.00, 682.18, 9.71, 87.95
22.981, 8.78, 677.00, 682.18, 9.71, 87.95
23.019, 9.66, 677.00, 682.18, 9.71, 87.95
23.047, 9.81, 677.00, 682.18, 9.71, 87.95
23.082, 9.63, 701.00, 691.59, 9.71, 86.76
23.108, 9.19, 701.00, 691.59, 9.71, 86.76
23.153, 8.51, 701.00, 691.59, 9.71, 86.76
23.186, 7.71, 701.00, 691.59, 9.71, 86.76
23.215, 6.76, 701.00, 691.59, 9.71, 86.76
23.250, 5.71, 701.00, 691.59, 9.71, 86.76
23.282, 4.60, 701.00, 691.59, 9.71, 86.76
23.317, 3.35, 701.00, 691.59, 9.71, 86.76
23.351, 2.01, 701.00, 691.59, 9.71, 86.76
23.387, 1.86, 701.00, 691.59, 9.71, 86.76
23.413, 1.60, 701.00, 691.59, 9.71, 86.76
23.449, 1.45, 701.00, 691.59, 9.71, 86.76
23.480, 0.91, 701.00, 691.59, 9.71, 86.76
23.518, 0.49, 701.00, 691.59, 9.71, 86.76
23.550, 0.51, 701.00, 691.59, 9.71, 86.76
23.584, 1.06, 701.00, 691.59, 9.71, 86.76
23.615, 2.06, 701.00, 691.59, 9.71, 86.76
23.648, 3.40, 701.00, 691.59, 9.71, 86.76
23.681, 5.00, 701.00, 691.59, 9.71, 86.76
23.716, 6.66, 701.00, 691.59, 9.71, 86.76
23.750, 8.26, 701.00, 691.59, 9.71, 86.76
23.782, 9.34, 701.00, 691.59, 9.71, 86.76
23.815, 9.68, 701.00, 691.59, 9.71, 86.76
23.852, 9.81, 701.00, 691.59, 9.71, 86.76
23.884, 9.71, 701.00, 691.59, 10.00, 86.76
23.916, 9.39, 701.00, 691.59, 10.00, 86.76
23.954, 8.86, 701.00, 691.59, 10.00, 86.76
23.984, 8.15, 701.00, 691.59, 10.00, 86.76
24.011, 7.30, 701.00, 691.59, 10.00, 86.76
24.052, 6.29, 701.00, 691.59, 10.00, 86.76
24.082, 5.21, 701.00, 691.59, 10.00, 86.76
24.117, 4.18, 701.00, 691.59, 10.00, 86.76
24.148, 2.78, 701.00, 691.59, 10.00, 86.76
24.182, 1.56, 701.00, 691.59, 10.00, 86.76
24.219, 1.38, 701.00, 691.59, 10.00, 86.76
24.251, 0.84, 701.00, 691.59, 10.00, 86.76
24.283, 0.46, 701.00, 691.59, 10.00, 86.76
24.315, 0.48, 701.00, 691.59, 10.00, 86.76
24.348, 1.02, 701.00, 691.59, 10.00, 86.76
24.384, 1.99, 701.00, 691.59, 10.00, 86.76
24.415, 3.24, 701.00, 691.59, 10.00, 86.76
24.451, 4.58, 701.00, 691.59, 10.00, 86.76
24.483, 5.89, 701.00, 691.59, 10.00, 86.76
24.514, 7.13, 701.00, 691.59, 10.00, 86.76
24.552, 8.08, 701.00, 691.59, 10.00, 86.76
24.581, 9.03, 701.00, 691.59, 10.00, 86.76
24.616, 9.76, 701.00, 691.59, 10.00, 86.76
24.653, 9.46, 769.00, 730.29, 9.62, 82.16
24.683, 8.95, 769.00, 730.29, 9.62, 82.16
24.720, 8.23, 769.00, 730.29, 9.62, 82.16
24.753, 7.29, 769.00, 730.29, 9.62, 82.16
24.781, 6.20, 769.00, 730.29, 9.62, 82.16
24.818, 4.94, 769.00, 730.29, 9.62, 82.16
24.851, 3.56, 769.00, 730.29, 9.62, 82.16
24.884, 2.18, 769.00, 730.29, 9.62, 82.16
24.923, 1.84, 769.00, 730.29, 9.62, 82.16
24.950, 1.32, 769.00, 730.29, 9.62, 82.16
24.987, 0.62, 769.00, 730.29, 9.62, 82.16
25.018, 0.38, 769.00, 730.29, 9.62, 82.16
25.054, 0.72, 769.00, 730.29, 9.62, 82.16
25.084, 1.58, 769.00, 730.29, 9.62, 82.16
25.116, 2.88, 769.00, 730.29, 9.62, 82.16
25.150, 4.40, 769.00, 730.29, 9.62, 82.16
25.182, 5.83, 769.00, 730.29, 9.62, 82.16
25.217, 7.07, 769.00, 730.29, 9.62, 82.16
25.252, 8.24, 769.00, 730.29, 9.62, 82.16
25.284, 9.15, 769.00, 730.29, 9.62, 82.16
25.318, 9.77, 769.00, 730.29, 9.62, 82.16
25.352, 9.74, 699.00, 714.65, 9.61, 83.96
25.384, 9.40, 699.00, 714.65, 9.61, 83.96
25.419, 8.82, 699.00, 714.65, 9.61, 83.96
25.453, 7.99, 699.00, 714.65, 9.61, 83.96
25.485, 6.95, 699.00, 714.65, 9.61, 83.96
25.520, 5.78, 699.00, 714.65, 9.61, 83.96
25.552, 4.47, 699.00, 714.65, 9.61, 83.96
25.588, 3.15, 699.00, 714.65, 9.61, 83.96
25.617, 1.93, 699.00, 714.65, 9.61, 83.96
25.650, 1.79, 699.00, 714.65, 9.61, 83.96
25.683, 1.64, 699.00, 714.65, 9.61, 83.96
25.717, 1.60, 699.00, 714.65, 9.61, 83.96
25.760, 1.32, 699.00, 714.65, 9.61, 83.96
25.787, 0.84, 699.00, 714.65, 9.61, 83.96
25.819, 0.43, 699.00, 714.65, 9.61, 83.96
25.853, 0.52, 699.00, 714.65, 9.61, 83.96
25.887, 1.05, 699.00, 714.65, 9.61, 83.96
25.921, 2.02, 699.00, 714.65, 9.61, 83.96
25.952, 3.31, 699.00, 714.65, 9.61, 83.96
25.987, 4.77, 699.00, 714.65, 9.61, 83.96
26.020, 6.29, 699.00, 714.65, 9.61, 83.96
26.051, 7.78, 699.00, 714.65, 9.61, 83.96
26.098, 9.31, 699.00, 714.65, 9.61, 83.96
26.117, 9.65, 699.00, 714.65, 9.61, 83.96
26.154, 9.82, 699.00, 714.65, 9.61, 83.96
26.188, 9.85, 699.00, 714.65, 9.61, 83.96
26.219, 9.67, 699.00, 714.65, 10.31, 83.96
26.258, 9.29, 699.00, 714.65, 10.31, 83.96
26.288, 8.79, 699.00, 714.65, 10.31, 83.96
26.319, 8.14, 699.00, 714.65, 10.31, 83.96
26.358, 7.37, 699.00, 714.65, 10.31, 83.96
26.386, 6.52, 699.00, 714.65, 10.31, 83.96
26.422, 5.58, 699.00, 714.65, 10.31, 83.96
26.453, 4.36, 699.00, 714.65, 10.31, 83.96
26.487, 2.53, 699.00, 714.65, 10.31, 83.96
26.522, 0.64, 699.00, 714.65, 10.31, 83.96
26.552, 0.50, 699.00, 714.65, 10.31, 83.96
26.587, 0.87, 699.00, 714.65, 10.31, 83.96
26.625, 1.85, 699.00, 714.65, 10.31, 83.96
26.653, 3.16, 699.00, 714.65, 10.31, 83.96
26.687, 4.53, 699.00, 714.65, 10.31, 83.96
26.719, 5.67, 699.00, 714.65, 10.31, 83.96
26.771, 6.35, 699.00, 714.65, 10.31, 83.96
26.789, 6.81, 699.00, 714.65, 10.31, 83.96
26.825, 6.81, 699.00, 714.65, 10.67, 83.96
26.859, 6.96, 699.00, 714.65, 10.67, 83.96
26.890, 7.11, 699.00, 714.65, 10.67, 83.96
26.919, 7.05, 699.00, 714.65, 10.67, 83.96
26.955, 6.06, 699.00, 714.65, 10.67, 83.96
26.993, 4.54, 699.00, 714.65, 10.67, 83.96
27.025, 2.97, 699.00, 714.65, 10.67, 83.96
27.056, 2.43, 699.00, 714.65, 10.67, 83.96
27.086, 2.17, 699.00, 714.65, 10.67, 83.96
27.125, 2.00, 699.00, 714.65, 10.67, 83.96
27.153, 1.81, 699.00, 714.65, 10.67, 83.96
27.188, 1.58, 699.00, 714.65, 10.67, 83.96
27.224, 1.11, 699.00, 714.65, 10.67, 83.96
27.268, 0.53, 699.00, 714.65, 10.67, 83.96
27.287, 0.39, 699.00, 714.65, 10.67, 83.96
27.323, 0.84, 699.00, 714.65, 10.67, 83.96
27.365, 1.79, 699.00, 714.65, 10.67, 83.96
27.387, 3.19, 699.00, 714.65, 10.67, 83.96
27.431, 4.78, 699.00, 714.65, 10.67, 83.96
27.456, 6.57, 699.00, 714.65, 10.67, 83.96
27.492, 8.30, 699.00, 714.65, 10.67, 83.96
27.525, 9.08, 699.00, 714.65, 10.67, 83.96
27.556, 9.56, 699.00, 714.65, 10.67, 83.96
27.587, 9.85, 699.00, 714.65, 10.67, 83.96
27.626, 9.92, 699.00, 714.65, 10.67, 83.96
27.659, 9.79, 699.00, 714.65, 10.95, 83.96
27.692, 9.51, 699.00, 714.65, 10.95, 83.96
27.723, 9.05, 699.00, 714.65, 10.95, 83.96
27.760, 8.47, 699.00, 714.65, 10.95, 83.96
27.792, 7.71, 699.00, 714.65, 10.95, 83.96
27.820, 6.83, 699.00, 714.65, 10.95, 83.96
27.856, 5.86, 699.00, 714.65, 10.95, 83.96
27.891, 4.66, 699.00, 714.65, 10.95, 83.96
27.931, 2.90, 699.00, 714.65, 10.95, 83.96
27.958, 1.65, 699.00, 714.65, 10.95, 83.96
27.999, 0.78, 699.00, 714.65, 10.95, 83.96
28.022, 0.49, 699.00, 714.65, 10.95, 83.96
28.058, 0.82, 699.00, 714.65, 10.95, 83.96
28.100, 1.82, 699.00, 714.65, 10.95, 83.96
28.125, 3.29, 699.00, 714.65, 10.95, 83.96
28.159, 5.00, 699.00, 714.65, 10.95, 83.96
28.191, 6.69, 699.00, 714.65, 10.95, 83.96
28.232, 8.03, 699.00, 714.65, 10.95, 83.96
28.256, 9.12, 699.00, 714.65, 10.95, 83.96
28.291, 9.77, 699.00, 714.65, 10.95, 83.96
28.321, 9.85, 699.00, 714.65, 10.95, 83.96
28.360, 9.72, 701.00, 707.82, 10.67, 84.77
28.396, 9.37, 701.00, 707.82, 10.67, 84.77
28.427, 8.87, 701.00, 707.82, 10.67, 84.77
28.458, 8.21, 701.00, 707.82, 10.67, 84.77
28.500, 7.51, 701.00, 707.82, 10.67, 84.77
28.525, 6.70, 701.00, 707.82, 10.67, 84.77
28.564, 5.75, 701.00, 707.82, 10.67, 84.77
28.592, 4.73, 701.00, 707.82, 10.67, 84.77
28.624, 3.65, 701.00, 707.82, 10.67, 84.77
28.665, 2.21, 701.00, 707.82, 10.67, 84.77
28.693, 0.59, 701.00, 707.82, 10.67, 84.77
28.725, 1.02, 701.00, 707.82, 10.67, 84.77
28.766, 2.23, 701.00, 707.82, 10.67, 84.77
28.801, 4.05, 701.00, 707.82, 10.67, 84.77
28.827, 6.19, 701.00, 707.82, 10.67, 84.77
28.860, 7.61, 701.00, 707.82, 10.67, 84.77
28.899, 8.86, 701.00, 707.82, 10.67, 84.77
28.932, 9.52, 701.00, 707.82, 10.67, 84.77
28.965, 9.83, 701.00, 707.82, 10.67, 84.77
28.997, 9.70, 638.00, 672.91, 10.13, 89.16
29.024, 9.34, 638.00, 672.91, 10.13, 89.16
29.068, 8.77, 638.00, 672.91, 10.13, 89.16
29.095, 8.04, 638.00, 672.91, 10.13, 89.16
29.124, 7.31, 638.00, 672.91, 10.13, 89.16
29.161, 6.49, 638.00, 672.91, 10.13, 89.16
29.192, 5.62, 638.00, 672.91, 10.13, 89.16
29.226, 4.70, 638.00, 672.91, 10.13, 89.16
29.261, 3.77, 638.00, 672.91, 10.13, 89.16
29.291, 2.65, 638.00, 672.91, 10.13, 89.16
29.327, 1.71, 638.00, 672.91, 10.13, 89.16
29.359, 1.18, 638.00, 672.91, 10.13, 89.16
29.398, 0.62, 638.00, 672.91, 10.13, 89.16
29.427, 0.64, 638.00, 672.91, 10.13, 89.16
29.459, 1.35, 638.00, 672.91, 10.13, 89.16
29.490, 2.78, 638.00, 672.91, 10.13, 89.16
29.531, 4.75, 638.00, 672.91, 10.13, 89.16
29.568, 6.72, 638.00, 672.91, 10.13, 89.16
29.599, 7.75, 638.00, 672.91, 10.13, 89.16
29.625, 8.76, 638.00, 672.91, 10.13, 89.16
29.655, 9.49, 638.00, 672.91, 10.13, 89.16
29.694, 9.77, 638.00, 672.91, 10.13, 89.16
29.726, 9.64, 728.00, 700.46, 8.39, 85.66
29.762, 9.20, 728.00, 700.46, 8.39, 85.66
29.795, 8.51, 728.00, 700.46, 8.39, 85.66
29.824, 7.66, 728.00, 700.46, 8.39, 85.66
29.866, 6.71, 728.00, 700.46, 8.39, 85.66
29.905, 5.64, 728.00, 700.46, 8.39, 85.66
29.932, 4.50, 728.00, 700.46, 8.39, 85.66
29.966, 3.36, 728.00, 700.46, 8.39, 85.66
30.000, 2.14, 728.00, 700.46, 8.39, 85.66
30.032, 1.65, 728.00, 700.46, 8.39, 85.66
30.065, 1.51, 728.00, 700.46, 8.39, 85.66
30.100, 0.98, 728.00, 700.46, 8.39, 85.66
30.134, 0.45, 728.00, 700.46, 8.39, 85.66
30.168, 0.32, 728.00, 700.46, 8.39, 85.66
30.193, 0.72, 728.00, 700.46, 8.39, 85.66
30.228, 1.47, 728.00, 700.46, 8.39, 85.66
30.269, 2.53, 728.00, 700.46, 8.39, 85.66
30.300, 3.72, 728.00, 700.46, 8.39, 85.66
30.334, 4.92, 728.00, 700.46, 8.39, 85.66
30.367, 6.09, 728.00, 700.46, 8.39, 85.66
30.400, 7.17, 728.00, 700.46, 8.39, 85.66
30.427, 8.18, 728.00, 700.46, 8.39, 85.66
30.459, 9.19, 728.00, 700.46, 8.39, 85.66
30.497, 9.56, 728.00, 700.46, 8.39, 85.66
30.533, 9.12, 728.00, 700.46, 8.80, 85.66
30.568, 8.39, 728.00, 700.46, 8.80, 85.66
30.598, 7.56, 728.00, 700.46, 8.80, 85.66
30.632, 6.59, 728.00, 700.46, 8.80, 85.66
30.664, 5.48, 728.00, 700.46, 8.80, 85.66
30.698, 4.29, 728.00, 700.46, 8.80, 85.66
30.746, 2.96, 728.00, 700.46, 8.80, 85.66
30.766, 1.58, 728.00, 700.46, 8.80, 85.66
30.801, 0.78, 728.00, 700.46, 8.80, 85.66
30.832, 0.61, 728.00, 700.46, 8.80, 85.66
30.870, 1.18, 728.00, 700.46, 8.80, 85.66
30.906, 2.40, 728.00, 700.46, 8.80, 85.66
30.935, 4.06, 728.00, 700.46, 8.80, 85.66
30.969, 5.80, 728.00, 700.46, 8.80, 85.66
31.001, 7.24, 728.00, 700.46, 8.80, 85.66
31.035, 8.28, 728.00, 700.46, 8.80, 85.66
31.065, 8.78, 728.00, 700.46, 8.80, 85.66
31.098, 9.33, 728.00, 700.46, 8.80, 85.66
31.133, 9.66, 728.00, 700.46, 8.80, 85.66
31.166, 9.21, 633.00, 666.73, 9.00, 89.99
31.200, 8.60, 633.00, 666.73, 9.00, 89.99
31.237, 7.74, 633.00, 666.73, 9.00, 89.99
31.267, 6.62, 633.00, 666.73, 9.00, 89.99
31.299, 5.34, 633.00, 666.73, 9.00, 89.99
31.334, 3.75, 633.00, 666.73, 9.00, 89.99
31.367, 2.22, 633.00, 666.73, 9.00, 89.99
31.401, 1.99, 633.00, 666.73, 9.00, 89.99
31.435, 1.75, 633.00, 666.73, 9.00, 89.99
31.466, 1.25, 633.00, 666.73, 9.00, 89.99
31.502, 0.59, 633.00, 666.73, 9.00, 89.99
31.533, 0.52, 633.00, 666.73, 9.00, 89.99
31.569, 1.05, 633.00, 666.73, 9.00, 89.99
31.600, 2.17, 633.00, 666.73, 9.00, 89.99
31.634, 3.82, 633.00, 666.73, 9.00, 89.99
31.665, 5.71, 633.00, 666.73, 9.00, 89.99
31.701, 7.27, 633.00, 666.73, 9.00, 89.99
31.744, 8.34, 633.00, 666.73, 9.00, 89.99
31.766, 8.87, 633.00, 666.73, 9.00, 89.99
31.803, 9.25, 633.00, 666.73, 9.00, 89.99
31.833, 9.48, 633.00, 666.73, 9.00, 89.99
31.869, 9.74, 633.00, 666.73, 9.00, 89.99
31.900, 9.75, 633.00, 666.73, 9.00, 89.99
31.937, 9.64, 771.00, 718.86, 9.00, 83.47
31.973, 9.34, 771.00, 718.86, 9.00, 83.47
32.004, 8.94, 771.00, 718.86, 9.00, 83.47
32.040, 8.45, 771.00, 718.86, 9.00, 83.47
32.068, 7.84, 771.00, 718.86, 9.00, 83.47
32.109, 7.18, 771.00, 718.86, 9.00, 83.47
32.133, 6.47, 771.00, 718.86, 9.00, 83.47
32.175, 5.52, 771.00, 718.86, 9.00, 83.47
32.204, 4.59, 771.00, 718.86, 9.00, 83.47
32.235, 3.51, 771.00, 718.86, 9.00, 83.47
32.269, 2.13, 771.00, 718.86, 9.00, 83.47
32.299, 3.87, 771.00, 718.86, 9.00, 83.47
32.334, 5.98, 771.00, 718.86, 9.00, 83.47
32.372, 6.77, 771.00, 718.86, 9.00, 83.47
32.402, 7.81, 771.00, 718.86, 9.00, 83.47
32.434, 8.58, 771.00, 718.86, 9.00, 83.47
32.467, 9.15, 771.00, 718.86, 9.00, 83.47
32.501, 9.62, 771.00, 718.86, 9.00, 83.47
32.534, 9.82, 771.00, 718.86, 9.00, 83.47
32.567, 9.67, 771.00, 718.86, 8.63, 83.47
32.605, 9.28, 771.00, 718.86, 8.63, 83.47
32.636, 8.64, 771.00, 718.86, 8.63, 83.47
32.668, 7.80, 771.00, 718.86, 8.63, 83.47
32.706, 6.94, 771.00, 718.86, 8.63, 83.47
32.751, 6.00, 771.00, 718.86, 8.63, 83.47
32.766, 5.08, 771.00, 718.86, 8.63, 83.47
32.806, 4.11, 771.00, 718.86, 8.63, 83.47
32.833, 2.72, 771.00, 718.86, 8.63, 83.47
32.873, 1.85, 771.00, 718.86, 8.63, 83.47
32.904, 1.65, 771.00, 718.86, 8.63, 83.47
32.937, 1.06, 771.00, 718.86, 8.63, 83.47
32.969, 0.61, 771.00, 718.86, 8.63, 83.47
33.005, 0.69, 771.00, 718.86, 8.63, 83.47
33.043, 1.42, 771.00, 718.86, 8.63, 83.47
33.075, 2.71, 771.00, 718.86, 8.63, 83.47
33.106, 4.37, 771.00, 718.86, 8.63, 83.47
33.135, 6.12, 771.00, 718.86, 8.63, 83.47
33.168, 7.89, 771.00, 718.86, 8.63, 83.47
33.201, 8.68, 771.00, 718.86, 8.63, 83.47
33.240, 9.16, 771.00, 718.86, 8.63, 83.47
33.270, 9.61, 771.00, 718.86, 8.63, 83.47
33.301, 9.85, 771.00, 718.86, 8.63, 83.47
33.341, 9.86, 771.00, 718.86, 8.63, 83.47
33.376, 9.65, 771.00, 718.86, 8.94, 83.47
33.401, 9.26, 771.00, 718.86, 8.94, 83.47
33.436, 8.77, 771.00, 718.86, 8.94, 83.47
33.472, 8.17, 771.00, 718.86, 8.94, 83.47
33.506, 7.50, 771.00, 718.86, 8.94, 83.47
33.540, 6.82, 771.00, 718.86, 8.94, 83.47
33.573, 6.10, 771.00, 718.86, 8.94, 83.47
33.605, 5.08, 771.00, 718.86, 8.94, 83.47
33.638, 3.76, 771.00, 718.86, 8.94, 83.47
33.673, 1.98, 771.00, 718.86, 8.94, 83.47
33.703, 0.63, 771.00, 718.86, 8.94, 83.47
33.757, 1.20, 771.00, 718.86, 8.94, 83.47
33.780, 2.48, 771.00, 718.86, 8.94, 83.47
33.804, 4.17, 771.00, 718.86, 8.94, 83.47
33.837, 6.01, 771.00, 718.86, 8.94, 83.47
33.870, 7.77, 771.00, 718.86, 8.94, 83.47
33.901, 8.76, 771.00, 718.86, 8.94, 83.47
33.936, 9.32, 771.00, 718.86, 8.94, 83.47
33.975, 9.65, 771.00, 718.86, 8.94, 83.47
34.003, 9.70, 771.00, 718.86, 8.94, 83.47
34.037, 9.48, 662.00, 690.43, 8.99, 86.90
34.074, 9.03, 662.00, 690.43, 8.99, 86.90
34.104, 8.42, 662.00, 690.43, 8.99, 86.90
34.140, 7.62, 662.00, 690.43, 8.99, 86.90
34.175, 6.69, 662.00, 690.43, 8.99, 86.90
34.202, 5.63, 662.00, 690.43, 8.99, 86.90
34.248, 4.44, 662.00, 690.43, 8.99, 86.90
34.276, 3.18, 662.00, 690.43, 8.99, 86.90
34.301, 1.70, 662.00, 690.43, 8.99, 86.90
34.335, 0.84, 662.00, 690.43, 8.99, 86.90
34.381, 0.73, 662.00, 690.43, 8.99, 86.90
34.405, 1.36, 662.00, 690.43, 8.99, 86.90
34.438, 2.74, 662.00, 690.43, 8.99, 86.90
34.472, 4.62, 662.00, 690.43, 8.99, 86.90
34.517, 6.49, 662.00, 690.43, 8.99, 86.90
34.537, 7.60, 662.00, 690.43, 8.99, 86.90
34.574, 8.60, 662.00, 690.43, 8.99, 86.90
34.603, 9.06, 662.00, 690.43, 8.99, 86.90
34.640, 9.40, 662.00, 690.43, 8.99, 86.90
34.672, 9.72, 662.00, 690.43, 8.99, 86.90
34.706, 9.81, 662.00, 690.43, 8.99, 86.90
34.743, 9.63, 706.00, 698.22, 8.91, 85.93
34.769, 9.29, 706.00, 698.22, 8.91, 85.93
34.810, 8.75, 706.00, 698.22, 8.91, 85.93
34.838, 8.11, 706.00, 698.22, 8.91, 85.93
34.870, 7.31, 706.00, 698.22, 8.91, 85.93
34.909, 6.36, 706.00, 698.22, 8.91, 85.93
34.945, 5.34, 706.00, 698.22, 8.91, 85.93
34.984, 4.01, 706.00, 698.22, 8.91, 85.93
35.010, 2.12, 706.00, 698.22, 8.91, 85.93
35.041, 1.73, 706.00, 698.22, 8.91, 85.93
35.084, 0.88, 706.00, 698.22, 8.91, 85.93
35.111, 0.45, 706.00, 698.22, 8.91, 85.93
35.139, 0.60, 706.00, 698.22, 8.91, 85.93
35.172, 1.43, 706.00, 698.22, 8.91, 85.93
35.210, 2.76, 706.00, 698.22, 8.91, 85.93
35.250, 4.47, 706.00, 698.22, 8.91, 85.93
35.277, 6.31, 706.00, 698.22, 8.91, 85.93
35.309, 7.95, 706.00, 698.22, 8.91, 85.93
35.338, 8.68, 706.00, 698.22, 8.91, 85.93
35.372, 9.24, 706.00, 698.22, 8.91, 85.93
35.405, 9.68, 706.00, 698.22, 8.91, 85.93
35.450, 9.82, 706.00, 698.22, 8.91, 85.93
35.475, 9.65, 731.00, 714.61, 8.63, 83.96
35.505, 9.27, 731.00, 714.61, 8.63, 83.96
35.553, 8.68, 731.00, 714.61, 8.63, 83.96
35.579, 7.96, 731.00, 714.61, 8.63, 83.96
35.615, 7.15, 731.00, 714.61, 8.63, 83.96
35.641, 6.24, 731.00, 714.61, 8.63, 83.96
35.671, 5.28, 731.00, 714.61, 8.63, 83.96
35.710, 4.29, 731.00, 714.61, 8.63, 83.96
35.742, 2.85, 731.00, 714.61, 8.63, 83.96
35.777, 1.61, 731.00, 714.61, 8.63, 83.96
35.817, 1.44, 731.00, 714.61, 8.63, 83.96
35.844, 0.83, 731.00, 714.61, 8.63, 83.96
35.874, 0.42, 731.00, 714.61, 8.63, 83.96
35.905, 0.40, 731.00, 714.61, 8.63, 83.96
35.950, 0.90, 731.00, 714.61, 8.63, 83.96
35.979, 1.75, 731.00, 714.61, 8.63, 83.96
36.010, 2.85, 731.00, 714.61, 8.63, 83.96
36.044, 4.03, 731.00, 714.61, 8.63, 83.96
36.073, 5.28, 731.00, 714.61, 8.63, 83.96
36.110, 6.49, 731.00, 714.61, 8.63, 83.96
36.144, 7.53, 731.00, 714.61, 8.63, 83.96
36.172, 8.58, 731.00, 714.61, 8.63, 83.96
36.216, 9.74, 731.00, 714.61, 8.63, 83.96
36.244, 9.45, 770.00, 742.30, 8.67, 80.83
36.283, 8.86, 770.00, 742.30, 8.67, 80.83
36.320, 8.05, 770.00, 742.30, 8.67, 80.83
36.350, 6.98, 770.00, 742.30, 8.67, 80.83
36.383, 5.81, 770.00, 742.30, 8.67, 80.83
36.412, 4.53, 770.00, 742.30, 8.67, 80.83
36.450, 3.20, 770.00, 742.30, 8.67, 80.83
36.473, 2.00, 770.00, 742.30, 8.67, 80.83
36.506, 1.85, 770.00, 742.30, 8.67, 80.83
36.542, 1.60, 770.00, 742.30, 8.67, 80.83
36.584, 1.37, 770.00, 742.30, 8.67, 80.83
36.609, 0.74, 770.00, 742.30, 8.67, 80.83
36.650, 0.39, 770.00, 742.30, 8.67, 80.83
36.677, 0.46, 770.00, 742.30, 8.67, 80.83
36.709, 1.01, 770.00, 742.30, 8.67, 80.83
36.752, 1.92, 770.00, 742.30, 8.67, 80.83
36.775, 3.05, 770.00, 742.30, 8.67, 80.83
36.818, 4.28, 770.00, 742.30, 8.67, 80.83
36.843, 5.43, 770.00, 742.30, 8.67, 80.83
36.879, 6.58, 770.00, 742.30, 8.67, 80.83
36.910, 7.58, 770.00, 742.30, 8.67, 80.83
36.943, 8.39, 770.00, 742.30, 8.67, 80.83
36.985, 9.57, 770.00, 742.30, 8.67, 80.83
37.011, 9.26, 766.00, 754.15, 8.32, 79.56
37.059, 8.60, 766.00, 754.15, 8.32, 79.56
37.083, 7.76, 766.00, 754.15, 8.32, 79.56
37.117, 6.71, 766.00, 754.15, 8.32, 79.56
37.152, 5.52, 766.00, 754.15, 8.32, 79.56
37.176, 4.14, 766.00, 754.15, 8.32, 79.56
37.216, 2.66, 766.00, 754.15, 8.32, 79.56
37.251, 2.10, 766.00, 754.15, 8.32, 79.56
37.283, 1.80, 766.00, 754.15, 8.32, 79.56
37.308, 1.45, 766.00, 754.15, 8.32, 79.56
37.345, 0.72, 766.00, 754.15, 8.32, 79.56
37.377, 0.35, 766.00, 754.15, 8.32, 79.56
37.411, 0.48, 766.00, 754.15, 8.32, 79.56
37.449, 1.09, 766.00, 754.15, 8.32, 79.56
37.485, 2.10, 766.00, 754.15, 8.32, 79.56
37.517, 3.34, 766.00, 754.15, 8.32, 79.56
37.544, 4.55, 766.00, 754.15, 8.32, 79.56
37.584, 5.75, 766.00, 754.15, 8.32, 79.56
37.617, 6.66, 766.00, 754.15, 8.32, 79.56
37.643, 7.60, 766.00, 754.15, 8.32, 79.56
37.679, 8.34, 766.00, 754.15, 8.32, 79.56
37.709, 9.12, 766.00, 754.15, 8.32, 79.56
37.746, 9.11, 736.00, 745.08, 8.30, 80.53
37.787, 8.38, 736.00, 745.08, 8.30, 80.53
37.818, 7.56, 736.00, 745.08, 8.30, 80.53
37.853, 6.60, 736.00, 745.08, 8.30, 80.53
37.877, 5.62, 736.00, 745.08, 8.30, 80.53
37.917, 4.63, 736.00, 745.08, 8.30, 80.53
37.950, 3.62, 736.00, 745.08, 8.30, 80.53
37.985, 2.63, 736.00, 745.08, 8.30, 80.53
38.016, 1.65, 736.00, 745.08, 8.30, 80.53
38.050, 1.45, 736.00, 745.08, 8.30, 80.53
38.075, 0.78, 736.00, 745.08, 8.30, 80.53
38.117, 0.58, 736.00, 745.08, 8.30, 80.53
38.150, 1.03, 736.00, 745.08, 8.30, 80.53
38.184, 2.10, 736.00, 745.08, 8.30, 80.53
38.217, 3.53, 736.00, 745.08, 8.30, 80.53
38.244, 5.17, 736.00, 745.08, 8.30, 80.53
38.283, 6.68, 736.00, 745.08, 8.30, 80.53
38.311, 8.28, 736.00, 745.08, 8.30, 80.53
38.344, 9.25, 736.00, 745.08, 8.30, 80.53
38.383, 9.50, 736.00, 745.08, 8.30, 80.53
38.417, 9.74, 736.00, 745.08, 8.30, 80.53
38.451, 9.87, 736.00, 745.08, 8.30, 80.53
38.484, 9.75, 737.00, 741.04, 8.11, 80.97
38.517, 9.36, 737.00, 741.04, 8.11, 80.97
38.551, 8.69, 737.00, 741.04, 8.11, 80.97
38.585, 7.75, 737.00, 741.04, 8.11, 80.97
38.621, 6.69, 737.00, 741.04, 8.11, 80.97
38.652, 5.44, 737.00, 741.04, 8.11, 80.97
38.684, 4.12, 737.00, 741.04, 8.11, 80.97
38.717, 2.60, 737.00, 741.04, 8.11, 80.97
38.767, 1.80, 737.00, 741.04, 8.11, 80.97
38.783, 0.93, 737.00, 741.04, 8.11, 80.97
38.817, 0.63, 737.00, 741.04, 8.11, 80.97
38.851, 0.95, 737.00, 741.04, 8.11, 80.97
38.885, 1.88, 737.00, 741.04, 8.11, 80.97
38.917, 3.11, 737.00, 741.04, 8.11, 80.97
38.950, 4.53, 737.00, 741.04, 8.11, 80.97
38.985, 5.78, 737.00, 741.04, 8.11, 80.97
39.017, 6.71, 737.00, 741.04, 8.11, 80.97
39.051, 7.31, 737.00, 741.04, 8.11, 80.97
39.084, 7.60, 737.00, 741.04, 8.11, 80.97
39.122, 8.25, 737.00, 741.04, 8.11, 80.97
39.150, 9.00, 737.00, 741.04, 8.11, 80.97
39.185, 9.63, 737.00, 741.04, 8.11, 80.97
39.219, 9.23, 735.00, 738.02, 8.04, 81.30
39.252, 8.50, 735.00, 738.02, 8.04, 81.30
39.286, 7.62, 735.00, 738.02, 8.04, 81.30
39.319, 6.50, 735.00, 738.02, 8.04, 81.30
39.356, 5.29, 735.00, 738.02, 8.04, 81.30
39.386, 4.06, 735.00, 738.02, 8.04, 81.30
39.422, 2.69, 735.00, 738.02, 8.04, 81.30
39.453, 1.14, 735.00, 738.02, 8.04, 81.30
39.485, 0.64, 735.00, 738.02, 8.04, 81.30
39.520, 0.81, 735.00, 738.02, 8.04, 81.30
39.551, 1.57, 735.00, 738.02, 8.04, 81.30
39.589, 2.86, 735.00, 738.02, 8.04, 81.30
39.624, 4.42, 735.00, 738.02, 8.04, 81.30
39.655, 6.02, 735.00, 738.02, 8.04, 81.30
39.684, 7.29, 735.00, 738.02, 8.04, 81.30
39.719, 8.14, 735.00, 738.02, 8.04, 81.30
39.753, 8.52, 735.00, 738.02, 8.04, 81.30
39.789, 8.84, 735.00, 738.02, 8.04, 81.30
39.819, 8.97, 735.00, 738.02, 8.04, 81.30
39.853, 8.82, 735.00, 738.02, 8.41, 81.30
39.886, 7.88, 735.00, 738.02, 8.41, 81.30
39.921, 6.72, 735.00, 738.02, 8.41, 81.30
39.955, 5.36, 735.00, 738.02, 8.41, 81.30
39.983, 3.93, 735.00, 738.02, 8.41, 81.30
40.020, 2.41, 735.00, 738.02, 8.41, 81.30
40.052, 2.14, 735.00, 738.02, 8.41, 81.30
40.089, 1.36, 735.00, 738.02, 8.41, 81.30
40.118, 0.73, 735.00, 738.02, 8.41, 81.30
40.153, 0.72, 735.00, 738.02, 8.41, 81.30
40.190, 1.44, 735.00, 738.02, 8.41, 81.30
40.219, 2.77, 735.00, 738.02, 8.41, 81.30
40.252, 4.47, 735.00, 738.02, 8.41, 81.30
40.288, 6.25, 735.00, 738.02, 8.41, 81.30
40.319, 7.68, 735.00, 738.02, 8.41, 81.30
40.356, 8.64, 735.00, 738.02, 8.41, 81.30
40.386, 8.97, 735.00, 738.02, 8.41, 81.30
40.424, 9.24, 735.00, 738.02, 8.41, 81.30
40.453, 8.93, 735.00, 738.02, 8.45, 81.30
40.501, 8.07, 735.00, 738.02, 8.45, 81.30
40.522, 7.00, 735.00, 738.02, 8.45, 81.30
40.554, 5.66, 735.00, 738.02, 8.45, 81.30
40.588, 4.10, 735.00, 738.02, 8.45, 81.30
40.624, 2.90, 735.00, 738.02, 8.45, 81.30
40.656, 2.26, 735.00, 738.02, 8.45, 81.30
40.687, 1.76, 735.00, 738.02, 8.45, 81.30
40.721, 1.34, 735.00, 738.02, 8.45, 81.30
40.756, 0.68, 735.00, 738.02, 8.45, 81.30
40.788, 0.42, 735.00, 738.02, 8.45, 81.30
40.822, 0.68, 735.00, 738.02, 8.45, 81.30
40.853, 1.38, 735.00, 738.02, 8.45, 81.30
40.895, 2.34, 735.00, 738.02, 8.45, 81.30
40.922, 3.35, 735.00, 738.02, 8.45, 81.30
40.953, 4.13, 735.00, 738.02, 8.45, 81.30
40.993, 4.65, 735.00, 738.02, 8.45, 81.30
41.019, 5.11, 735.00, 738.02, 8.45, 81.30
41.055, 5.30, 735.00, 738.02, 8.45, 81.30
41.087, 5.53, 735.00, 738.02, 8.45, 81.30
41.120, 5.74, 735.00, 738.02, 8.45, 81.30
41.156, 6.04, 735.00, 738.02, 8.45, 81.30
41.189, 6.38, 735.00, 738.02, 8.45, 81.30
41.224, 5.83, 771.00, 754.51, 7.94, 79.52
41.255, 4.03, 771.00, 754.51, 7.94, 79.52
41.293, 2.78, 771.00, 754.51, 7.94, 79.52
41.327, 1.92, 771.00, 754.51, 7.94, 79.52
41.356, 1.04, 771.00, 754.51, 7.94, 79.52
41.388, 0.92, 771.00, 754.51, 7.94, 79.52
41.419, 1.64, 771.00, 754.51, 7.94, 79.52
41.459, 3.03, 771.00, 754.51, 7.94, 79.52
41.501, 4.56, 771.00, 754.51, 7.94, 79.52
41.520, 5.98, 771.00, 754.51, 7.94, 79.52
41.555, 6.89, 771.00, 754.51, 7.94, 79.52
41.591, 7.32, 771.00, 754.51, 7.94, 79.52
41.627, 7.29, 771.00, 754.51, 15.84, 79.52
41.655, 6.95, 771.00, 754.51, 15.84, 79.52
41.687, 6.79, 771.00, 754.51, 15.84, 79.52
41.721, 6.60, 771.00, 754.51, 15.84, 79.52
41.758, 6.29, 771.00, 754.51, 15.84, 79.52
41.790, 5.82, 771.00, 754.51, 15.84, 79.52
41.827, 4.37, 771.00, 754.51, 15.84, 79.52
41.853, 2.91, 771.00, 754.51, 15.84, 79.52
41.894, 1.53, 771.00, 754.51, 15.84, 79.52
41.921, 1.19, 771.00, 754.51, 15.84, 79.52
41.957, 1.87, 771.00, 754.51, 15.84, 79.52
41.995, 3.85, 771.00, 754.51, 15.84, 79.52
42.026, 5.68, 771.00, 754.51, 15.84, 79.52
42.060, 6.36, 771.00, 754.51, 15.84, 79.52
42.088, 7.40, 771.00, 754.51, 15.84, 79.52
42.123, 8.45, 771.00, 754.51, 15.84, 79.52
42.157, 9.06, 771.00, 754.51, 15.84, 79.52
42.192, 9.36, 771.00, 754.51, 15.84, 79.52
42.225, 9.68, 771.00, 754.51, 15.84, 79.52
42.255, 9.83, 771.00, 754.51, 15.84, 79.52
42.287, 9.79, 660.00, 707.25, 15.84, 84.84
42.323, 9.45, 660.00, 707.25, 15.84, 84.84
42.360, 8.98, 660.00, 707.25, 15.84, 84.84
42.392, 8.33, 660.00, 707.25, 15.84, 84.84
42.421, 7.57, 660.00, 707.25, 15.84, 84.84
42.459, 7.00, 660.00, 707.25, 15.84, 84.84
42.494, 6.79, 660.00, 707.25, 15.84, 84.84
42.527, 7.12, 660.00, 707.25, 15.84, 84.84
42.554, 7.73, 660.00, 707.25, 15.84, 84.84
42.589, 7.29, 660.00, 707.25, 15.84, 84.84
42.628, 6.95, 660.00, 707.25, 15.84, 84.84
42.655, 7.20, 660.00, 707.25, 15.84, 84.84
42.686, 8.09, 660.00, 707.25, 15.84, 84.84
42.728, 8.90, 660.00, 707.25, 15.84, 84.84
42.766, 9.24, 660.00, 707.25, 15.84, 84.84
42.790, 9.63, 660.00, 707.25, 15.84, 84.84
42.823, 9.78, 660.00, 707.25, 15.84, 84.84
42.857, 9.77, 660.00, 707.25, 16.23, 84.84
42.888, 9.54, 660.00, 707.25, 16.23, 84.84
42.928, 9.19, 660.00, 707.25, 16.23, 84.84
42.962, 8.74, 660.00, 707.25, 16.23, 84.84
42.990, 8.12, 660.00, 707.25, 16.23, 84.84
43.024, 7.50, 660.00, 707.25, 16.23, 84.84
43.065, 7.12, 660.00, 707.25, 16.23, 84.84
43.101, 7.16, 660.00, 707.25, 16.23, 84.84
43.127, 7.60, 660.00, 707.25, 16.23, 84.84
43.161, 7.58, 660.00, 707.25, 16.23, 84.84
43.195, 7.24, 660.00, 707.25, 16.23, 84.84
43.228, 7.22, 660.00, 707.25, 16.23, 84.84
43.260, 7.87, 660.00, 707.25, 16.23, 84.84
43.292, 8.64, 660.00, 707.25, 16.23, 84.84
43.333, 9.30, 660.00, 707.25, 16.23, 84.84
43.368, 9.65, 660.00, 707.25, 16.23, 84.84
43.399, 9.80, 660.00, 707.25, 16.23, 84.84
43.423, 9.69, 660.00, 707.25, 16.58, 84.84
43.461, 9.43, 660.00, 707.25, 16.58, 84.84
43.494, 8.97, 660.00, 707.25, 16.58, 84.84
43.527, 8.37, 660.00, 707.25, 16.58, 84.84
43.558, 7.61, 660.00, 707.25, 16.58, 84.84
43.593, 6.75, 660.00, 707.25, 16.58, 84.84
43.635, 5.90, 660.00, 707.25, 16.58, 84.84
43.661, 5.32, 660.00, 707.25, 16.58, 84.84
43.696, 4.89, 660.00, 707.25, 16.58, 84.84
43.730, 4.83, 660.00, 707.25, 16.58, 84.84
43.760, 5.17, 660.00, 707.25, 16.58, 84.84
43.801, 5.70, 660.00, 707.25, 16.58, 84.84
43.835, 6.51, 660.00, 707.25, 16.58, 84.84
43.862, 7.52, 660.00, 707.25, 16.58, 84.84
43.901, 8.49, 660.00, 707.25, 16.58, 84.84
43.935, 9.26, 660.00, 707.25, 16.58, 84.84
43.963, 9.68, 660.00, 707.25, 16.58, 84.84
43.994, 9.84, 660.00, 707.25, 16.58, 84.84
44.037, 9.71, 613.00, 660.13, 16.27, 90.89
44.061, 9.38, 613.00, 660.13, 16.27, 90.89
44.092, 8.85, 613.00, 660.13, 16.27, 90.89
44.137, 8.19, 613.00, 660.13, 16.27, 90.89
44.162, 7.41, 613.00, 660.13, 16.27, 90.89
44.195, 6.50, 613.00, 660.13, 16.27, 90.89
44.226, 5.53, 613.00, 660.13, 16.27, 90.89
44.269, 4.47, 613.00, 660.13, 16.27, 90.89
44.293, 3.37, 613.00, 660.13, 16.27, 90.89
44.336, 1.91, 613.00, 660.13, 16.27, 90.89
44.360, 0.55, 613.00, 660.13, 16.27, 90.89
44.401, 0.50, 613.00, 660.13, 16.27, 90.89
44.444, 1.06, 613.00, 660.13, 16.27, 90.89
44.463, 2.21, 613.00, 660.13, 16.27, 90.89
44.499, 3.71, 613.00, 660.13, 16.27, 90.89
44.536, 5.35, 613.00, 660.13, 16.27, 90.89
44.560, 6.76, 613.00, 660.13, 16.27, 90.89
44.601, 7.74, 613.00, 660.13, 16.27, 90.89
44.634, 8.55, 613.00, 660.13, 16.27, 90.89
44.660, 9.28, 613.00, 660.13, 16.27, 90.89
44.701, 9.51, 613.00, 660.13, 16.27, 90.89
44.739, 8.88, 702.00, 681.06, 16.29, 88.10
44.760, 7.94, 702.00, 681.06, 16.29, 88.10
44.803, 6.73, 702.00, 681.06, 16.29, 88.10
44.835, 5.26, 702.00, 681.06, 16.29, 88.10
44.859, 3.65, 702.00, 681.06, 16.29, 88.10
44.897, 2.42, 702.00, 681.06, 16.29, 88.10
44.936, 1.92, 702.00, 681.06, 16.29, 88.10
44.962, 1.69, 702.00, 681.06, 16.29, 88.10
45.005, 1.42, 702.00, 681.06, 16.29, 88.10
45.036, 1.12, 702.00, 681.06, 16.29, 88.10
45.061, 0.57, 702.00, 681.06, 16.29, 88.10
45.102, 0.29, 702.00, 681.06, 16.29, 88.10
45.130, 0.33, 702.00, 681.06, 16.29, 88.10
45.169, 0.75, 702.00, 681.06, 16.29, 88.10
45.200, 1.55, 702.00, 681.06, 16.29, 88.10
45.236, 2.52, 702.00, 681.06, 16.29, 88.10
45.262, 3.52, 702.00, 681.06, 16.29, 88.10
45.292, 4.54, 702.00, 681.06, 16.29, 88.10
45.335, 5.38, 702.00, 681.06, 16.29, 88.10
45.363, 6.24, 702.00, 681.06, 16.29, 88.10
45.395, 6.92, 702.00, 681.06, 16.29, 88.10
45.429, 7.82, 702.00, 681.06, 16.29, 88.10
45.468, 8.86, 702.00, 681.06, 16.29, 88.10
45.503, 8.01, 702.00, 681.06, 16.26, 88.10
45.536, 7.03, 702.00, 681.06, 16.26, 88.10
45.572, 5.82, 702.00, 681.06, 16.26, 88.10
45.602, 4.31, 702.00, 681.06, 16.26, 88.10
45.627, 2.73, 702.00, 681.06, 16.26, 88.10
45.663, 2.28, 702.00, 681.06, 16.26, 88.10
45.701, 1.92, 702.00, 681.06, 16.26, 88.10
45.736, 1.72, 702.00, 681.06, 16.26, 88.10
45.760, 0.94, 702.00, 681.06, 16.26, 88.10
45.802, 0.49, 702.00, 681.06, 16.26, 88.10
45.834, 0.48, 702.00, 681.06, 16.26, 88.10
45.864, 0.98, 702.00, 681.06, 16.26, 88.10
45.904, 1.85, 702.00, 681.06, 16.26, 88.10
45.936, 2.91, 702.00, 681.06, 16.26, 88.10
45.970, 3.99, 702.00, 681.06, 16.26, 88.10
46.002, 4.90, 702.00, 681.06, 16.26, 88.10
46.038, 5.84, 702.00, 681.06, 16.26, 88.10
46.069, 6.54, 702.00, 681.06, 16.26, 88.10
46.102, 7.00, 702.00, 681.06, 16.26, 88.10
46.136, 7.75, 702.00, 681.06, 16.26, 88.10
46.169, 8.03, 702.00, 681.06, 16.26, 88.10
46.200, 8.28, 702.00, 681.06, 16.26, 88.10
46.228, 7.24, 725.00, 703.03, 16.32, 85.34
46.269, 5.99, 725.00, 703.03, 16.32, 85.34
46.304, 4.57, 725.00, 703.03, 16.32, 85.34
46.338, 3.04, 725.00, 703.03, 16.32, 85.34
46.368, 2.08, 725.00, 703.03, 16.32, 85.34
46.401, 2.02, 725.00, 703.03, 16.32, 85.34
46.436, 1.79, 725.00, 703.03, 16.32, 85.34
46.470, 0.92, 725.00, 703.03, 16.32, 85.34
46.500, 0.51, 725.00, 703.03, 16.32, 85.34
46.537, 0.75, 725.00, 703.03, 16.32, 85.34
46.569, 1.68, 725.00, 703.03, 16.32, 85.34
46.601, 3.10, 725.00, 703.03, 16.32, 85.34
46.636, 4.72, 725.00, 703.03, 16.32, 85.34
46.668, 6.32, 725.00, 703.03, 16.32, 85.34
46.705, 7.59, 725.00, 703.03, 16.32, 85.34
46.748, 8.58, 725.00, 703.03, 16.32, 85.34
46.769, 9.42, 725.00, 703.03, 16.32, 85.34
46.800, 9.76, 725.00, 703.03, 16.32, 85.34
46.835, 9.53, 606.00, 654.52, 16.01, 91.67
46.870, 9.08, 606.00, 654.52, 16.01, 91.67
46.902, 8.54, 606.00, 654.52, 16.01, 91.67
46.936, 7.91, 606.00, 654.52, 16.01, 91.67
46.970, 7.03, 606.00, 654.52, 16.01, 91.67
47.004, 6.07, 606.00, 654.52, 16.01, 91.67
47.032, 4.98, 606.00, 654.52, 16.01, 91.67
47.072, 3.82, 606.00, 654.52, 16.01, 91.67
47.104, 2.66, 606.00, 654.52, 16.01, 91.67
47.136, 1.14, 606.00, 654.52, 16.01, 91.67
47.170, 0.66, 606.00, 654.52, 16.01, 91.67
47.203, 0.64, 606.00, 654.52, 16.01, 91.67
47.231, 1.24, 606.00, 654.52, 16.01, 91.67
47.270, 2.25, 606.00, 654.52, 16.01, 91.67
47.302, 3.47, 606.00, 654.52, 16.01, 91.67
47.335, 4.70, 606.00, 654.52, 16.01, 91.67
47.372, 5.62, 606.00, 654.52, 16.01, 91.67
47.403, 6.41, 606.00, 654.52, 16.01, 91.67
47.443, 6.81, 606.00, 654.52, 16.01, 91.67
47.467, 6.75, 633.00, 643.76, 16.03, 93.20
47.505, 6.86, 633.00, 643.76, 16.03, 93.20
47.538, 6.37, 633.00, 643.76, 16.03, 93.20
47.573, 5.65, 633.00, 643.76, 16.03, 93.20
47.606, 3.96, 633.00, 643.76, 16.03, 93.20
47.641, 2.73, 633.00, 643.76, 16.03, 93.20
47.676, 2.39, 633.00, 643.76, 16.03, 93.20
47.709, 2.33, 633.00, 643.76, 16.03, 93.20
47.739, 2.00, 633.00, 643.76, 16.03, 93.20
47.770, 1.47, 633.00, 643.76, 16.03, 93.20
47.806, 0.68, 633.00, 643.76, 16.03, 93.20
47.837, 0.29, 633.00, 643.76, 16.03, 93.20
47.879, 0.37, 633.00, 643.76, 16.03, 93.20
47.906, 0.93, 633.00, 643.76, 16.03, 93.20
47.935, 1.78, 633.00, 643.76, 16.03, 93.20
47.972, 2.75, 633.00, 643.76, 16.03, 93.20
48.007, 3.55, 633.00, 643.76, 16.03, 93.20
48.040, 3.99, 633.00, 643.76, 16.03, 93.20
48.072, 4.21, 633.00, 643.76, 16.03, 93.20
48.106, 4.09, 639.00, 641.38, 15.96, 93.55
48.141, 3.84, 639.00, 641.38, 15.96, 93.55
48.180, 3.39, 639.00, 641.38, 15.96, 93.55
48.208, 2.61, 639.00, 641.38, 15.96, 93.55
48.240, 2.29, 639.00, 641.38, 15.96, 93.55
48.270, 2.63, 639.00, 641.38, 15.96, 93.55
48.302, 2.51, 639.00, 641.38, 15.96, 93.55
48.337, 2.22, 639.00, 641.38, 15.96, 93.55
48.371, 1.91, 639.00, 641.38, 15.96, 93.55
48.404, 1.69, 639.00, 641.38, 15.96, 93.55
48.444, 1.43, 639.00, 641.38, 15.96, 93.55
48.475, 0.79, 639.00, 641.38, 15.96, 93.55
48.507, 0.31, 639.00, 641.38, 15.96, 93.55
48.543, 0.12, 639.00, 641.38, 15.96, 93.55
48.572, 0.27, 639.00, 641.38, 15.96, 93.55
48.605, 0.60, 639.00, 641.38, 15.96, 93.55
48.639, 1.04, 639.00, 641.38, 15.96, 93.55
48.675, 1.47, 639.00, 641.38, 15.96, 93.55
48.707, 1.80, 639.00, 641.38, 15.96, 93.55
48.742, 2.03, 639.00, 641.38, 15.96, 93.55
48.775, 2.05, 639.00, 641.38, 15.96, 93.55
48.802, 2.06, 639.00, 641.38, 15.96, 93.55
48.837, 1.97, 639.00, 641.38, 15.96, 93.55
48.875, 1.68, 639.00, 641.38, 15.96, 93.55
48.914, 1.30, 639.00, 641.38, 15.96, 93.55
48.939, 1.90, 639.00, 641.38, 15.96, 93.55
48.986, 2.10, 639.00, 641.38, 15.96, 93.55
49.008, 2.44, 639.00, 641.38, 15.96, 93.55
49.036, 1.98, 639.00, 641.38, 15.96, 93.55
49.074, 1.04, 639.00, 641.38, 15.96, 93.55
49.107, 0.57, 639.00, 641.38, 15.96, 93.55
49.145, 0.89, 639.00, 641.38, 15.96, 93.55
49.175, 1.83, 639.00, 641.38, 15.96, 93.55
49.208, 3.11, 639.00, 641.38, 15.96, 93.55
49.239, 4.54, 639.00, 641.38, 15.96, 93.55
49.271, 5.68, 639.00, 641.38, 15.96, 93.55
49.309, 6.60, 639.00, 641.38, 15.96, 93.55
49.342, 7.21, 639.00, 641.38, 15.96, 93.55
49.376, 7.49, 639.00, 641.38, 15.96, 93.55
49.420, 8.29, 639.00, 641.38, 15.96, 93.55
49.444, 8.75, 639.00, 641.38, 15.96, 93.55
49.478, 9.51, 639.00, 641.38, 15.96, 93.55
49.508, 8.76, 671.00, 656.19, 15.65, 91.44
49.540, 7.50, 671.00, 656.19, 15.65, 91.44
49.574, 5.65, 671.00, 656.19, 15.65, 91.44
49.608, 3.65, 671.00, 656.19, 15.65, 91.44
49.637, 2.29, 671.00, 656.19, 15.65, 91.44
49.674, 1.90, 671.00, 656.19, 15.65, 91.44
49.706, 2.81, 671.00, 656.19, 15.65, 91.44
49.753, 4.90, 671.00, 656.19, 15.65, 91.44
49.774, 5.70, 671.00, 656.19, 15.65, 91.44
49.808, 6.62, 671.00, 656.19, 15.65, 91.44
49.842, 7.66, 671.00, 656.19, 15.65, 91.44
49.879, 8.48, 671.00, 656.19, 15.65, 91.44
49.908, 8.91, 671.00, 656.19, 15.65, 91.44
49.940, 9.39, 671.00, 656.19, 15.65, 91.44
49.975, 9.74, 671.00, 656.19, 15.65, 91.44
50.005, 9.83, 671.00, 656.19, 15.65, 91.44
50.045, 9.65, 671.00, 656.19, 15.83, 91.44
50.080, 9.31, 671.00, 656.19, 15.83, 91.44
50.113, 8.75, 671.00, 656.19, 15.83, 91.44
50.145, 8.00, 671.00, 656.19, 15.83, 91.44
50.179, 7.17, 671.00, 656.19, 15.83, 91.44
50.205, 6.37, 671.00, 656.19, 15.83, 91.44
50.245, 5.88, 671.00, 656.19, 15.83, 91.44
50.278, 5.72, 671.00, 656.19, 15.83, 91.44
50.311, 5.86, 671.00, 656.19, 15.83, 91.44
50.340, 6.49, 671.00, 656.19, 15.83, 91.44
50.373, 6.57, 671.00, 656.19, 15.83, 91.44
50.409, 6.56, 671.00, 656.19, 21.72, 91.44
50.441, 7.72, 671.00, 656.19, 21.72, 91.44
50.487, 8.94, 671.00, 656.19, 21.72, 91.44
50.511, 9.50, 671.00, 656.19, 21.72, 91.44
50.545, 9.74, 671.00, 656.19, 21.72, 91.44
50.579, 9.59, 671.00, 656.19, 21.72, 91.44
50.608, 9.20, 671.00, 656.19, 21.72, 91.44
50.650, 8.55, 671.00, 656.19, 21.72, 91.44
50.679, 7.82, 671.00, 656.19, 21.72, 91.44
50.708, 6.90, 671.00, 656.19, 21.72, 91.44
50.757, 5.89, 671.00, 656.19, 21.72, 91.44
50.785, 4.71, 671.00, 656.19, 21.72, 91.44
50.819, 3.48, 671.00, 656.19, 21.72, 91.44
50.852, 2.55, 671.00, 656.19, 21.72, 91.44
50.872, 1.77, 671.00, 656.19, 21.72, 91.44
50.920, 0.97, 671.00, 656.19, 21.72, 91.44
50.945, 1.27, 671.00, 656.19, 21.72, 91.44
50.979, 2.56, 671.00, 656.19, 21.72, 91.44
51.010, 4.12, 671.00, 656.19, 21.72, 91.44
51.044, 5.69, 671.00, 656.19, 21.72, 91.44
51.079, 7.02, 671.00, 656.19, 21.72, 91.44
51.111, 7.86, 671.00, 656.19, 21.72, 91.44
51.143, 8.29, 671.00, 656.19, 21.72, 91.44
51.181, 8.71, 671.00, 656.19, 21.72, 91.44
51.218, 9.06, 671.00, 656.19, 21.72, 91.44
51.246, 8.64, 671.00, 656.19, 22.19, 91.44
51.275, 7.54, 671.00, 656.19, 22.19, 91.44
51.309, 6.04, 671.00, 656.19, 22.19, 91.44
51.347, 4.21, 671.00, 656.19, 22.19, 91.44
51.380, 3.05, 671.00, 656.19, 22.19, 91.44
51.411, 2.61, 671.00, 656.19, 22.19, 91.44
51.454, 2.14, 671.00, 656.19, 22.19, 91.44
51.491, 1.89, 671.00, 656.19, 22.19, 91.44
51.515, 1.36, 671.00, 656.19, 22.19, 91.44
51.545, 0.71, 671.00, 656.19, 22.19, 91.44
51.579, 0.36, 671.00, 656.19, 22.19, 91.44
51.611, 0.49, 671.00, 656.19, 22.19, 91.44
51.646, 0.97, 671.00, 656.19, 22.19, 91.44
51.687, 1.79, 671.00, 656.19, 22.19, 91.44
51.730, 2.70, 671.00, 656.19, 22.19, 91.44
51.745, 3.54, 671.00, 656.19, 22.19, 91.44
51.778, 4.22, 671.00, 656.19, 22.19, 91.44
51.813, 4.68, 671.00, 656.19, 22.19, 91.44
51.852, 4.86, 671.00, 656.19, 22.19, 91.44
51.885, 4.96, 671.00, 656.19, 22.19, 91.44
51.909, 4.83, 664.00, 660.09, 21.95, 90.90
51.943, 4.72, 664.00, 660.09, 21.95, 90.90
51.988, 4.24, 664.00, 660.09, 21.95, 90.90
52.018, 3.08, 664.00, 660.09, 21.95, 90.90
52.049, 2.62, 664.00, 660.09, 21.95, 90.90
52.078, 2.40, 664.00, 660.09, 21.95, 90.90
52.111, 2.05, 664.00, 660.09, 21.95, 90.90
52.145, 1.86, 664.00, 660.09, 21.95, 90.90
52.177, 1.59, 664.00, 660.09, 21.95, 90.90
52.215, 1.52, 664.00, 660.09, 21.95, 90.90
52.245, 1.32, 664.00, 660.09, 21.95, 90.90
52.289, 0.98, 664.00, 660.09, 21.95, 90.90
52.312, 0.44, 664.00, 660.09, 21.95, 90.90
52.353, 0.19, 664.00, 660.09, 21.95, 90.90
52.376, 0.23, 664.00, 660.09, 21.95, 90.90
52.421, 0.62, 664.00, 660.09, 21.95, 90.90
52.454, 1.34, 664.00, 660.09, 21.95, 90.90
52.486, 2.25, 664.00, 660.09, 21.95, 90.90
52.512, 3.32, 664.00, 660.09, 21.95, 90.90
52.545, 4.46, 664.00, 660.09, 21.95, 90.90
52.578, 5.64, 664.00, 660.09, 21.95, 90.90
52.612, 6.94, 664.00, 660.09, 21.95, 90.90
52.652, 8.17, 664.00, 660.09, 21.95, 90.90
52.681, 9.66, 664.00, 660.09, 21.95, 90.90
52.719, 9.79, 664.00, 660.09, 21.95, 90.90
52.755, 9.45, 664.00, 660.09, 22.74, 90.90
52.786, 8.94, 664.00, 660.09, 22.74, 90.90
52.821, 8.09, 664.00, 660.09, 22.74, 90.90
52.854, 7.12, 664.00, 660.09, 22.74, 90.90
52.877, 6.00, 664.00, 660.09, 22.74, 90.90
52.912, 4.79, 664.00, 660.09, 22.74, 90.90
52.945, 3.75, 664.00, 660.09, 22.74, 90.90
52.986, 2.57, 664.00, 660.09, 22.74, 90.90
53.017, 1.63, 664.00, 660.09, 22.74, 90.90
53.047, 0.51, 664.00, 660.09, 22.74, 90.90
53.086, 1.09, 664.00, 660.09, 22.74, 90.90
53.120, 2.09, 664.00, 660.09, 22.74, 90.90
53.145, 3.08, 664.00, 660.09, 22.74, 90.90
53.186, 3.96, 664.00, 660.09, 22.74, 90.90
53.211, 4.43, 664.00, 660.09, 22.74, 90.90
53.245, 4.45, 664.00, 660.09, 22.74, 90.90
53.281, 4.19, 664.00, 660.09, 23.04, 90.90
53.314, 3.70, 664.00, 660.09, 23.04, 90.90
53.348, 3.43, 664.00, 660.09, 23.04, 90.90
53.385, 3.00, 664.00, 660.09, 23.04, 90.90
53.412, 2.58, 664.00, 660.09, 23.04, 90.90
53.444, 2.36, 664.00, 660.09, 23.04, 90.90
53.478, 2.67, 664.00, 660.09, 23.04, 90.90
53.514, 2.63, 664.00, 660.09, 23.04, 90.90
53.543, 2.19, 664.00, 660.09, 23.04, 90.90
53.581, 1.74, 664.00, 660.09, 23.04, 90.90
53.614, 0.84, 664.00, 660.09, 23.04, 90.90
53.644, 0.57, 664.00, 660.09, 23.04, 90.90
53.679, 1.01, 664.00, 660.09, 23.04, 90.90
53.712, 2.24, 664.00, 660.09, 23.04, 90.90
53.748, 4.11, 664.00, 660.09, 23.04, 90.90
53.789, 6.20, 664.00, 660.09, 23.04, 90.90
53.820, 7.57, 664.00, 660.09, 23.04, 90.90
53.845, 8.56, 664.00, 660.09, 23.04, 90.90
53.880, 9.17, 664.00, 660.09, 23.04, 90.90
53.912, 9.59, 664.00, 660.09, 23.04, 90.90
53.953, 9.81, 664.00, 660.09, 23.04, 90.90
53.986, 9.88, 664.00, 660.09, 23.04, 90.90
54.019, 9.78, 664.00, 660.09, 22.90, 90.90
54.053, 9.53, 664.00, 660.09, 22.90, 90.90
54.080, 9.02, 664.00, 660.09, 22.90, 90.90
54.119, 8.37, 664.00, 660.09, 22.90, 90.90
54.152, 7.51, 664.00, 660.09, 22.90, 90.90
54.187, 6.46, 664.00, 660.09, 22.90, 90.90
54.222, 5.40, 664.00, 660.09, 22.90, 90.90
54.256, 4.32, 664.00, 660.09, 22.90, 90.90
54.286, 2.94, 664.00, 660.09, 22.90, 90.90
54.328, 1.48, 664.00, 660.09, 22.90, 90.90
54.355, 1.27, 664.00, 660.09, 22.90, 90.90
54.385, 2.67, 664.00, 660.09, 22.90, 90.90
54.420, 4.68, 664.00, 660.09, 22.90, 90.90
54.453, 6.17, 664.00, 660.09, 22.90, 90.90
54.489, 7.28, 664.00, 660.09, 22.90, 90.90
54.515, 8.14, 664.00, 660.09, 22.90, 90.90
54.553, 8.71, 664.00, 660.09, 22.90, 90.90
54.586, 9.12, 664.00, 660.09, 22.90, 90.90
54.620, 9.60, 664.00, 660.09, 22.90, 90.90
54.653, 9.81, 664.00, 660.09, 22.90, 90.90
54.687, 9.85, 664.00, 660.09, 22.90, 90.90
54.724, 9.67, 664.00, 660.09, 19.82, 90.90
54.757, 9.36, 664.00, 660.09, 19.82, 90.90
54.793, 8.99, 664.00, 660.09, 19.82, 90.90
54.824, 8.43, 664.00, 660.09, 19.82, 90.90
54.856, 7.84, 664.00, 660.09, 19.82, 90.90
54.890, 7.11, 664.00, 660.09, 19.82, 90.90
54.922, 6.14, 664.00, 660.09, 19.82, 90.90
54.953, 4.89, 664.00, 660.09, 19.82, 90.90
54.990, 3.31, 664.00, 660.09, 19.82, 90.90
55.022, 1.08, 664.00, 660.09, 19.82, 90.90
55.052, 1.05, 664.00, 660.09, 19.82, 90.90
55.087, 2.02, 664.00, 660.09, 19.82, 90.90
55.123, 3.89, 664.00, 660.09, 19.82, 90.90
55.154, 5.88, 664.00, 660.09, 19.82, 90.90
55.187, 6.77, 664.00, 660.09, 19.82, 90.90
55.220, 7.93, 664.00, 660.09, 19.82, 90.90
55.255, 8.83, 664.00, 660.09, 19.82, 90.90
55.288, 9.32, 664.00, 660.09, 19.82, 90.90
55.321, 9.61, 664.00, 660.09, 19.82, 90.90
55.357, 9.82, 664.00, 660.09, 19.82, 90.90
55.385, 9.84, 664.00, 660.09, 19.82, 90.90
55.420, 9.67, 697.00, 678.55, 19.89, 88.42
55.459, 9.30, 697.00, 678.55, 19.89, 88.42
55.492, 8.81, 697.00, 678.55, 19.89, 88.42
55.523, 8.24, 697.00, 678.55, 19.89, 88.42
55.555, 7.56, 697.00, 678.55, 19.89, 88.42
55.591, 6.85, 697.00, 678.55, 19.89, 88.42
55.621, 6.15, 697.00, 678.55, 19.89, 88.42
55.658, 5.29, 697.00, 678.55, 19.89, 88.42
55.691, 4.42, 697.00, 678.55, 19.89, 88.42
55.726, 3.70, 697.00, 678.55, 19.89, 88.42
55.761, 2.65, 697.00, 678.55, 19.89, 88.42
55.790, 4.16, 697.00, 678.55, 19.89, 88.42
55.827, 6.11, 697.00, 678.55, 19.89, 88.42
55.857, 6.97, 697.00, 678.55, 19.89, 88.42
55.888, 8.11, 697.00, 678.55, 19.89, 88.42
55.923, 8.92, 697.00, 678.55, 19.89, 88.42
55.955, 9.44, 697.00, 678.55, 19.89, 88.42
55.991, 9.76, 697.00, 678.55, 19.89, 88.42
56.024, 9.90, 697.00, 678.55, 19.89, 88.42
56.060, 9.80, 640.00, 659.27, 19.75, 91.01
56.093, 9.49, 640.00, 659.27, 19.75, 91.01
56.127, 8.99, 640.00, 659.27, 19.75, 91.01
56.157, 8.19, 640.00, 659.27, 19.75, 91.01
56.187, 7.24, 640.00, 659.27, 19.75, 91.01
56.222, 5.99, 640.00, 659.27, 19.75, 91.01
56.255, 4.60, 640.00, 659.27, 19.75, 91.01
56.291, 3.15, 640.00, 659.27, 19.75, 91.01
56.322, 2.16, 640.00, 659.27, 19.75, 91.01
56.356, 1.63, 640.00, 659.27, 19.75, 91.01
56.395, 0.77, 640.00, 659.27, 19.75, 91.01
56.428, 0.48, 640.00, 659.27, 19.75, 91.01
56.461, 0.91, 640.00, 659.27, 19.75, 91.01
56.491, 2.05, 640.00, 659.27, 19.75, 91.01
56.530, 3.83, 640.00, 659.27, 19.75, 91.01
56.557, 5.96, 640.00, 659.27, 19.75, 91.01
56.592, 7.38, 640.00, 659.27, 19.75, 91.01
56.623, 8.33, 640.00, 659.27, 19.75, 91.01
56.659, 8.93, 640.00, 659.27, 19.75, 91.01
56.688, 9.40, 640.00, 659.27, 19.75, 91.01
56.720, 9.72, 640.00, 659.27, 19.75, 91.01
56.766, 9.79, 640.00, 659.27, 19.75, 91.01
56.790, 9.66, 640.00, 659.27, 19.70, 91.01
56.824, 9.36, 640.00, 659.27, 19.70, 91.01
56.864, 8.92, 640.00, 659.27, 19.70, 91.01
56.892, 8.36, 640.00, 659.27, 19.70, 91.01
56.922, 7.63, 640.00, 659.27, 19.70, 91.01
56.961, 6.83, 640.00, 659.27, 19.70, 91.01
56.991, 6.01, 640.00, 659.27, 19.70, 91.01
57.026, 5.13, 640.00, 659.27, 19.70, 91.01
57.057, 3.75, 640.00, 659.27, 19.70, 91.01
57.094, 1.81, 640.00, 659.27, 19.70, 91.01
57.127, 1.36, 640.00, 659.27, 19.70, 91.01
57.163, 0.67, 640.00, 659.27, 19.70, 91.01
57.193, 0.40, 640.00, 659.27, 19.70, 91.01
57.229, 0.71, 640.00, 659.27, 19.70, 91.01
57.258, 1.57, 640.00, 659.27, 19.70, 91.01
57.290, 2.86, 640.00, 659.27, 19.70, 91.01
57.325, 4.43, 640.00, 659.27, 19.70, 91.01
57.359, 6.08, 640.00, 659.27, 19.70, 91.01
57.389, 7.68, 640.00, 659.27, 19.70, 91.01
57.430, 8.75, 640.00, 659.27, 19.70, 91.01
57.463, 9.69, 640.00, 659.27, 19.70, 91.01
57.493, 9.82, 640.00, 659.27, 19.70, 91.01
57.528, 9.61, 640.00, 659.27, 19.82, 91.01
57.557, 9.18, 640.00, 659.27, 19.82, 91.01
57.596, 8.49, 640.00, 659.27, 19.82, 91.01
57.624, 7.66, 640.00, 659.27, 19.82, 91.01
57.663, 6.67, 640.00, 659.27, 19.82, 91.01
57.691, 5.63, 640.00, 659.27, 19.82, 91.01
57.726, 4.54, 640.00, 659.27, 19.82, 91.01
57.761, 3.33, 640.00, 659.27, 19.82, 91.01
57.797, 2.01, 640.00, 659.27, 19.82, 91.01
57.829, 1.23, 640.00, 659.27, 19.82, 91.01
57.860, 0.53, 640.00, 659.27, 19.82, 91.01
57.901, 0.28, 640.00, 659.27, 19.82, 91.01
57.931, 0.53, 640.00, 659.27, 19.82, 91.01
57.971, 1.30, 640.00, 659.27, 19.82, 91.01
57.997, 2.40, 640.00, 659.27, 19.82, 91.01
58.025, 3.69, 640.00, 659.27, 19.82, 91.01
58.061, 4.89, 640.00, 659.27, 19.82, 91.01
58.092, 5.72, 640.00, 659.27, 19.82, 91.01
58.130, 6.40, 640.00, 659.27, 19.82, 91.01
58.157, 6.91, 640.00, 659.27, 19.82, 91.01
58.196, 7.24, 640.00, 659.27, 19.82, 91.01
58.227, 7.41, 640.00, 659.27, 19.82, 91.01
58.264, 7.19, 640.00, 659.27, 19.90, 91.01
58.294, 5.82, 640.00, 659.27, 19.90, 91.01
58.326, 4.29, 640.00, 659.27, 19.90, 91.01
58.365, 2.64, 640.00, 659.27, 19.90, 91.01
58.392, 2.20, 640.00, 659.27, 19.90, 91.01
58.432, 1.96, 640.00, 659.27, 19.90, 91.01
58.463, 1.72, 640.00, 659.27, 19.90, 91.01
58.503, 1.62, 640.00, 659.27, 19.90, 91.01
58.526, 1.40, 640.00, 659.27, 19.90, 91.01
58.558, 0.73, 640.00, 659.27, 19.90, 91.01
58.592, 0.37, 640.00, 659.27, 19.90, 91.01
58.637, 0.49, 640.00, 659.27, 19.90, 91.01
58.666, 1.19, 640.00, 659.27, 19.90, 91.01
58.695, 2.30, 640.00, 659.27, 19.90, 91.01
58.733, 3.72, 640.00, 659.27, 19.90, 91.01
58.761, 5.29, 640.00, 659.27, 19.90, 91.01
58.801, 6.87, 640.00, 659.27, 19.90, 91.01
58.838, 8.49, 640.00, 659.27, 19.90, 91.01
58.871, 9.47, 640.00, 659.27, 19.90, 91.01
58.894, 9.74, 640.00, 659.27, 19.90, 91.01
58.928, 9.75, 640.00, 659.27, 19.90, 91.01
58.964, 9.49, 700.00, 679.64, 19.72, 88.28
58.992, 9.01, 700.00, 679.64, 19.72, 88.28
59.028, 8.34, 700.00, 679.64, 19.72, 88.28
59.066, 7.47, 700.00, 679.64, 19.72, 88.28
59.105, 6.53, 700.00, 679.64, 19.72, 88.28
59.127, 5.51, 700.00, 679.64, 19.72, 88.28
59.164, 4.48, 700.00, 679.64, 19.72, 88.28
59.202, 3.53, 700.00, 679.64, 19.72, 88.28
59.248, 2.15, 700.00, 679.64, 19.72, 88.28
59.270, 1.28, 700.00, 679.64, 19.72, 88.28
59.296, 1.04, 700.00, 679.64, 19.72, 88.28
59.329, 0.64, 700.00, 679.64, 19.72, 88.28
59.371, 0.70, 700.00, 679.64, 19.72, 88.28
59.393, 1.28, 700.00, 679.64, 19.72, 88.28
59.430, 2.41, 700.00, 679.64, 19.72, 88.28
59.464, 4.09, 700.00, 679.64, 19.72, 88.28
59.506, 6.06, 700.00, 679.64, 19.72, 88.28
59.537, 7.37, 700.00, 679.64, 19.72, 88.28
59.560, 8.35, 700.00, 679.64, 19.72, 88.28
59.593, 8.86, 700.00, 679.64, 19.72, 88.28
59.637, 9.15, 700.00, 679.64, 19.72, 88.28
59.672, 9.59, 700.00, 679.64, 19.72, 88.28
59.697, 9.78, 700.00, 679.64, 19.72, 88.28
59.731, 9.74, 700.00, 679.64, 19.85, 88.28
59.761, 9.48, 700.00, 679.64, 19.85, 88.28
59.795, 9.06, 700.00, 679.64, 19.85, 88.28
59.833, 8.53, 700.00, 679.64, 19.85, 88.28
59.871, 7.87, 700.00, 679.64, 19.85, 88.28
59.905, 7.15, 700.00, 679.64, 19.85, 88.28
59.938, 6.44, 700.00, 679.64, 19.85, 88.28
59.966, 5.54, 700.00, 679.64, 19.85, 88.28
59.997, 4.27, 700.00, 679.64, 19.85, 88.28
